,city_name,country_code,lat,lon,state_code,timezone,aqi,co,datetime,no2,o3,pm10,pm25,so2,timestamp_local,timestamp_utc,ts
0,Gujrāt,PK,32.57284,74.07897,4,Asia/Karachi,82,132.5,2024-05-31:19,16.7,80.7,43.0,27.0,14.3,2024-06-01T00:00:00,2024-05-31T19:00:00,1717182000
1,Gujrāt,PK,32.57284,74.07897,4,Asia/Karachi,78,129.6,2024-05-31:20,17.3,69.3,40.0,25.0,13.7,2024-06-01T01:00:00,2024-05-31T20:00:00,1717185600
2,Gujrāt,PK,32.57284,74.07897,4,Asia/Karachi,74,126.6,2024-05-31:21,18.0,58.0,37.0,23.0,13.0,2024-06-01T02:00:00,2024-05-31T21:00:00,1717189200
3,Gujrāt,PK,32.57284,74.07897,4,Asia/Karachi,72,125.5,2024-05-31:22,18.7,50.7,36.0,22.33,12.7,2024-06-01T03:00:00,2024-05-31T22:00:00,1717192800
4,Gujrāt,PK,32.57284,74.07897,4,Asia/Karachi,71,124.3,2024-05-31:23,19.3,43.3,35.0,21.67,12.3,2024-06-01T04:00:00,2024-05-31T23:00:00,1717196400
5,Gujrāt,PK,32.57284,74.07897,4,Asia/Karachi,69,123.1,2024-06-01:00,20.0,36.0,34.0,21.0,12.0,2024-06-01T05:00:00,2024-06-01T00:00:00,1717200000
6,Gujrāt,PK,32.57284,74.07897,4,Asia/Karachi,71,125.7,2024-06-01:01,17.3,56.0,36.0,21.67,13.7,2024-06-01T06:00:00,2024-06-01T01:00:00,1717203600
7,Gujrāt,PK,32.57284,74.07897,4,Asia/Karachi,72,128.2,2024-06-01:02,14.7,76.0,38.0,22.33,15.3,2024-06-01T07:00:00,2024-06-01T02:00:00,1717207200
8,Gujrāt,PK,32.57284,74.07897,4,Asia/Karachi,74,130.7,2024-06-01:03,12.0,96.0,40.0,23.0,17.0,2024-06-01T08:00:00,2024-06-01T03:00:00,1717210800
9,Gujrāt,PK,32.57284,74.07897,4,Asia/Karachi,73,114.2,2024-06-01:04,8.7,120.7,43.3,22.67,15.3,2024-06-01T09:00:00,2024-06-01T04:00:00,1717214400
10,Gujrāt,PK,32.57284,74.07897,4,Asia/Karachi,82,97.7,2024-06-01:05,5.3,145.3,46.7,22.33,13.7,2024-06-01T10:00:00,2024-06-01T05:00:00,1717218000
11,Gujrāt,PK,32.57284,74.07897,4,Asia/Karachi,103,81.1,2024-06-01:06,2.0,170.0,50.0,22.0,12.0,2024-06-01T11:00:00,2024-06-01T06:00:00,1717221600
12,Gujrāt,PK,32.57284,74.07897,4,Asia/Karachi,103,80.0,2024-06-01:07,2.0,170.0,50.3,21.33,13.0,2024-06-01T12:00:00,2024-06-01T07:00:00,1717225200
13,Gujrāt,PK,32.57284,74.07897,4,Asia/Karachi,103,78.8,2024-06-01:08,2.0,170.0,50.7,20.67,14.0,2024-06-01T13:00:00,2024-06-01T08:00:00,1717228800
14,Gujrāt,PK,32.57284,74.07897,4,Asia/Karachi,103,77.6,2024-06-01:09,2.0,170.0,51.0,20.0,15.0,2024-06-01T14:00:00,2024-06-01T09:00:00,1717232400
15,Gujrāt,PK,32.57284,74.07897,4,Asia/Karachi,102,80.3,2024-06-01:10,2.7,166.3,50.7,19.67,13.3,2024-06-01T15:00:00,2024-06-01T10:00:00,1717236000
16,Gujrāt,PK,32.57284,74.07897,4,Asia/Karachi,101,83.1,2024-06-01:11,3.3,162.7,50.3,19.33,11.7,2024-06-01T16:00:00,2024-06-01T11:00:00,1717239600
17,Gujrāt,PK,32.57284,74.07897,4,Asia/Karachi,99,85.8,2024-06-01:12,4.0,159.0,50.0,19.0,10.0,2024-06-01T17:00:00,2024-06-01T12:00:00,1717243200
18,Gujrāt,PK,32.57284,74.07897,4,Asia/Karachi,88,93.0,2024-06-01:13,6.0,150.3,47.7,21.0,10.7,2024-06-01T18:00:00,2024-06-01T13:00:00,1717246800
19,Gujrāt,PK,32.57284,74.07897,4,Asia/Karachi,77,100.2,2024-06-01:14,8.0,141.7,45.3,23.0,11.3,2024-06-01T19:00:00,2024-06-01T14:00:00,1717250400
20,Gujrāt,PK,32.57284,74.07897,4,Asia/Karachi,78,107.4,2024-06-01:15,10.0,133.0,43.0,25.0,12.0,2024-06-01T20:00:00,2024-06-01T15:00:00,1717254000
21,Gujrāt,PK,32.57284,74.07897,4,Asia/Karachi,77,107.6,2024-06-01:16,10.3,124.7,41.3,24.67,12.0,2024-06-01T21:00:00,2024-06-01T16:00:00,1717257600
22,Gujrāt,PK,32.57284,74.07897,4,Asia/Karachi,77,107.8,2024-06-01:17,10.7,116.3,39.7,24.33,12.0,2024-06-01T22:00:00,2024-06-01T17:00:00,1717261200
23,Gujrāt,PK,32.57284,74.07897,4,Asia/Karachi,76,108.0,2024-06-01:18,11.0,108.0,38.0,24.0,12.0,2024-06-01T23:00:00,2024-06-01T18:00:00,1717264800
24,Gujrāt,PK,32.57284,74.07897,4,Asia/Karachi,80,119.6,2024-06-01:19,16.3,92.3,41.0,25.67,13.0,2024-06-02T00:00:00,2024-06-01T19:00:00,1717268400
25,Gujrāt,PK,32.57284,74.07897,4,Asia/Karachi,83,131.3,2024-06-01:20,21.7,76.7,44.0,27.33,14.0,2024-06-02T01:00:00,2024-06-01T20:00:00,1717272000
26,Gujrāt,PK,32.57284,74.07897,4,Asia/Karachi,87,143.0,2024-06-01:21,27.0,61.0,47.0,29.0,15.0,2024-06-02T02:00:00,2024-06-01T21:00:00,1717275600
27,Gujrāt,PK,32.57284,74.07897,4,Asia/Karachi,85,151.2,2024-06-01:22,28.3,48.3,47.0,28.0,15.0,2024-06-02T03:00:00,2024-06-01T22:00:00,1717279200
28,Gujrāt,PK,32.57284,74.07897,4,Asia/Karachi,82,159.3,2024-06-01:23,29.7,35.7,47.0,27.0,15.0,2024-06-02T04:00:00,2024-06-01T23:00:00,1717282800
29,Gujrāt,PK,32.57284,74.07897,4,Asia/Karachi,80,167.5,2024-06-02:00,31.0,23.0,47.0,26.0,15.0,2024-06-02T05:00:00,2024-06-02T00:00:00,1717286400
30,Gujrāt,PK,32.57284,74.07897,4,Asia/Karachi,82,164.6,2024-06-02:01,25.0,51.3,52.0,27.0,17.0,2024-06-02T06:00:00,2024-06-02T01:00:00,1717290000
31,Gujrāt,PK,32.57284,74.07897,4,Asia/Karachi,85,161.7,2024-06-02:02,19.0,79.7,57.0,28.0,19.0,2024-06-02T07:00:00,2024-06-02T02:00:00,1717293600
32,Gujrāt,PK,32.57284,74.07897,4,Asia/Karachi,87,158.7,2024-06-02:03,13.0,108.0,62.0,29.0,21.0,2024-06-02T08:00:00,2024-06-02T03:00:00,1717297200
33,Gujrāt,PK,32.57284,74.07897,4,Asia/Karachi,93,140.5,2024-06-02:04,9.7,134.0,79.0,32.0,24.7,2024-06-02T09:00:00,2024-06-02T04:00:00,1717300800
34,Gujrāt,PK,32.57284,74.07897,4,Asia/Karachi,100,122.2,2024-06-02:05,6.3,160.0,96.0,35.0,28.3,2024-06-02T10:00:00,2024-06-02T05:00:00,1717304400
35,Gujrāt,PK,32.57284,74.07897,4,Asia/Karachi,108,103.9,2024-06-02:06,3.0,186.0,113.0,38.0,32.0,2024-06-02T11:00:00,2024-06-02T06:00:00,1717308000
36,Gujrāt,PK,32.57284,74.07897,4,Asia/Karachi,107,98.0,2024-06-02:07,2.7,183.7,107.3,34.67,29.7,2024-06-02T12:00:00,2024-06-02T07:00:00,1717311600
37,Gujrāt,PK,32.57284,74.07897,4,Asia/Karachi,106,92.2,2024-06-02:08,2.3,181.3,101.7,31.33,27.3,2024-06-02T13:00:00,2024-06-02T08:00:00,1717315200
38,Gujrāt,PK,32.57284,74.07897,4,Asia/Karachi,106,86.4,2024-06-02:09,2.0,179.0,96.0,28.0,25.0,2024-06-02T14:00:00,2024-06-02T09:00:00,1717318800
39,Gujrāt,PK,32.57284,74.07897,4,Asia/Karachi,104,87.9,2024-06-02:10,2.3,174.7,89.0,27.67,21.0,2024-06-02T15:00:00,2024-06-02T10:00:00,1717322400
40,Gujrāt,PK,32.57284,74.07897,4,Asia/Karachi,103,89.5,2024-06-02:11,2.7,170.3,82.0,27.33,17.0,2024-06-02T16:00:00,2024-06-02T11:00:00,1717326000
41,Gujrāt,PK,32.57284,74.07897,4,Asia/Karachi,102,91.0,2024-06-02:12,3.0,166.0,75.0,27.0,13.0,2024-06-02T17:00:00,2024-06-02T12:00:00,1717329600
42,Gujrāt,PK,32.57284,74.07897,4,Asia/Karachi,86,117.5,2024-06-02:13,9.0,141.0,71.7,28.67,15.0,2024-06-02T18:00:00,2024-06-02T13:00:00,1717333200
43,Gujrāt,PK,32.57284,74.07897,4,Asia/Karachi,90,144.0,2024-06-02:14,15.0,116.0,68.3,30.33,17.0,2024-06-02T19:00:00,2024-06-02T14:00:00,1717336800
44,Gujrāt,PK,32.57284,74.07897,4,Asia/Karachi,93,170.4,2024-06-02:15,21.0,91.0,65.0,32.0,19.0,2024-06-02T20:00:00,2024-06-02T15:00:00,1717340400
45,Gujrāt,PK,32.57284,74.07897,4,Asia/Karachi,98,178.8,2024-06-02:16,23.0,80.7,71.3,34.33,20.0,2024-06-02T21:00:00,2024-06-02T16:00:00,1717344000
46,Gujrāt,PK,32.57284,74.07897,4,Asia/Karachi,103,187.1,2024-06-02:17,25.0,70.3,77.7,36.67,21.0,2024-06-02T22:00:00,2024-06-02T17:00:00,1717347600
47,Gujrāt,PK,32.57284,74.07897,4,Asia/Karachi,110,195.5,2024-06-02:18,27.0,60.0,84.0,39.0,22.0,2024-06-02T23:00:00,2024-06-02T18:00:00,1717351200
48,Gujrāt,PK,32.57284,74.07897,4,Asia/Karachi,112,200.6,2024-06-02:19,29.7,48.7,85.7,39.67,20.0,2024-06-03T00:00:00,2024-06-02T19:00:00,1717354800
49,Gujrāt,PK,32.57284,74.07897,4,Asia/Karachi,113,205.6,2024-06-02:20,32.3,37.3,87.3,40.33,18.0,2024-06-03T01:00:00,2024-06-02T20:00:00,1717358400
50,Gujrāt,PK,32.57284,74.07897,4,Asia/Karachi,115,210.7,2024-06-02:21,35.0,26.0,89.0,41.0,16.0,2024-06-03T02:00:00,2024-06-02T21:00:00,1717362000
51,Gujrāt,PK,32.57284,74.07897,4,Asia/Karachi,113,213.6,2024-06-02:22,36.0,20.7,84.0,40.33,15.3,2024-06-03T03:00:00,2024-06-02T22:00:00,1717365600
52,Gujrāt,PK,32.57284,74.07897,4,Asia/Karachi,112,216.5,2024-06-02:23,37.0,15.3,79.0,39.67,14.7,2024-06-03T04:00:00,2024-06-02T23:00:00,1717369200
53,Gujrāt,PK,32.57284,74.07897,4,Asia/Karachi,110,219.4,2024-06-03:00,38.0,10.0,74.0,39.0,14.0,2024-06-03T05:00:00,2024-06-03T00:00:00,1717372800
54,Gujrāt,PK,32.57284,74.07897,4,Asia/Karachi,112,215.9,2024-06-03:01,31.7,41.3,78.7,40.0,17.0,2024-06-03T06:00:00,2024-06-03T01:00:00,1717376400
55,Gujrāt,PK,32.57284,74.07897,4,Asia/Karachi,115,212.4,2024-06-03:02,25.3,72.7,83.3,41.0,20.0,2024-06-03T07:00:00,2024-06-03T02:00:00,1717380000
56,Gujrāt,PK,32.57284,74.07897,4,Asia/Karachi,118,208.9,2024-06-03:03,19.0,104.0,88.0,42.0,23.0,2024-06-03T08:00:00,2024-06-03T03:00:00,1717383600
57,Gujrāt,PK,32.57284,74.07897,4,Asia/Karachi,111,173.7,2024-06-03:04,13.7,130.7,98.7,39.33,25.0,2024-06-03T09:00:00,2024-06-03T04:00:00,1717387200
58,Gujrāt,PK,32.57284,74.07897,4,Asia/Karachi,103,138.5,2024-06-03:05,8.3,157.3,109.3,36.67,27.0,2024-06-03T10:00:00,2024-06-03T05:00:00,1717390800
59,Gujrāt,PK,32.57284,74.07897,4,Asia/Karachi,107,103.3,2024-06-03:06,3.0,184.0,120.0,34.0,29.0,2024-06-03T11:00:00,2024-06-03T06:00:00,1717394400
60,Gujrāt,PK,32.57284,74.07897,4,Asia/Karachi,105,94.5,2024-06-03:07,2.7,178.0,110.7,31.33,26.7,2024-06-03T12:00:00,2024-06-03T07:00:00,1717398000
61,Gujrāt,PK,32.57284,74.07897,4,Asia/Karachi,104,85.8,2024-06-03:08,2.3,172.0,101.3,28.67,24.3,2024-06-03T13:00:00,2024-06-03T08:00:00,1717401600
62,Gujrāt,PK,32.57284,74.07897,4,Asia/Karachi,102,77.0,2024-06-03:09,2.0,166.0,92.0,26.0,22.0,2024-06-03T14:00:00,2024-06-03T09:00:00,1717405200
63,Gujrāt,PK,32.57284,74.07897,4,Asia/Karachi,101,80.9,2024-06-03:10,3.0,165.0,85.7,25.67,21.0,2024-06-03T15:00:00,2024-06-03T10:00:00,1717408800
64,Gujrāt,PK,32.57284,74.07897,4,Asia/Karachi,101,84.8,2024-06-03:11,4.0,164.0,79.3,25.33,20.0,2024-06-03T16:00:00,2024-06-03T11:00:00,1717412400
65,Gujrāt,PK,32.57284,74.07897,4,Asia/Karachi,101,88.7,2024-06-03:12,5.0,163.0,73.0,25.0,19.0,2024-06-03T17:00:00,2024-06-03T12:00:00,1717416000
66,Gujrāt,PK,32.57284,74.07897,4,Asia/Karachi,89,94.3,2024-06-03:13,6.7,151.0,69.3,26.33,20.7,2024-06-03T18:00:00,2024-06-03T13:00:00,1717419600
67,Gujrāt,PK,32.57284,74.07897,4,Asia/Karachi,84,100.0,2024-06-03:14,8.3,139.0,65.7,27.67,22.3,2024-06-03T19:00:00,2024-06-03T14:00:00,1717423200
68,Gujrāt,PK,32.57284,74.07897,4,Asia/Karachi,87,105.6,2024-06-03:15,10.0,127.0,62.0,29.0,24.0,2024-06-03T20:00:00,2024-06-03T15:00:00,1717426800
69,Gujrāt,PK,32.57284,74.07897,4,Asia/Karachi,92,116.9,2024-06-03:16,12.3,112.7,66.3,31.33,23.0,2024-06-03T21:00:00,2024-06-03T16:00:00,1717430400
70,Gujrāt,PK,32.57284,74.07897,4,Asia/Karachi,97,128.2,2024-06-03:17,14.7,98.3,70.7,33.67,22.0,2024-06-03T22:00:00,2024-06-03T17:00:00,1717434000
71,Gujrāt,PK,32.57284,74.07897,4,Asia/Karachi,102,139.5,2024-06-03:18,17.0,84.0,75.0,36.0,21.0,2024-06-03T23:00:00,2024-06-03T18:00:00,1717437600
72,Gujrāt,PK,32.57284,74.07897,4,Asia/Karachi,102,149.2,2024-06-03:19,21.7,68.3,73.3,36.0,20.0,2024-06-04T00:00:00,2024-06-03T19:00:00,1717441200
73,Gujrāt,PK,32.57284,74.07897,4,Asia/Karachi,102,158.9,2024-06-03:20,26.3,52.7,71.7,36.0,19.0,2024-06-04T01:00:00,2024-06-03T20:00:00,1717444800
74,Gujrāt,PK,32.57284,74.07897,4,Asia/Karachi,102,168.7,2024-06-03:21,31.0,37.0,70.0,36.0,18.0,2024-06-04T02:00:00,2024-06-03T21:00:00,1717448400
75,Gujrāt,PK,32.57284,74.07897,4,Asia/Karachi,106,181.9,2024-06-03:22,33.3,31.7,73.0,37.67,19.3,2024-06-04T03:00:00,2024-06-03T22:00:00,1717452000
76,Gujrāt,PK,32.57284,74.07897,4,Asia/Karachi,111,195.1,2024-06-03:23,35.7,26.3,76.0,39.33,20.7,2024-06-04T04:00:00,2024-06-03T23:00:00,1717455600
77,Gujrāt,PK,32.57284,74.07897,4,Asia/Karachi,115,208.3,2024-06-04:00,38.0,21.0,79.0,41.0,22.0,2024-06-04T05:00:00,2024-06-04T00:00:00,1717459200
78,Gujrāt,PK,32.57284,74.07897,4,Asia/Karachi,116,201.3,2024-06-04:01,30.7,49.0,79.7,41.33,24.7,2024-06-04T06:00:00,2024-06-04T01:00:00,1717462800
79,Gujrāt,PK,32.57284,74.07897,4,Asia/Karachi,117,194.3,2024-06-04:02,23.3,77.0,80.3,41.67,27.3,2024-06-04T07:00:00,2024-06-04T02:00:00,1717466400
80,Gujrāt,PK,32.57284,74.07897,4,Asia/Karachi,118,187.3,2024-06-04:03,16.0,105.0,81.0,42.0,30.0,2024-06-04T08:00:00,2024-06-04T03:00:00,1717470000
81,Gujrāt,PK,32.57284,74.07897,4,Asia/Karachi,114,157.8,2024-06-04:04,11.7,131.3,88.3,40.67,34.0,2024-06-04T09:00:00,2024-06-04T04:00:00,1717473600
82,Gujrāt,PK,32.57284,74.07897,4,Asia/Karachi,111,128.2,2024-06-04:05,7.3,157.7,95.7,39.33,38.0,2024-06-04T10:00:00,2024-06-04T05:00:00,1717477200
83,Gujrāt,PK,32.57284,74.07897,4,Asia/Karachi,107,98.6,2024-06-04:06,3.0,184.0,103.0,38.0,42.0,2024-06-04T11:00:00,2024-06-04T06:00:00,1717480800
84,Gujrāt,PK,32.57284,74.07897,4,Asia/Karachi,106,92.0,2024-06-04:07,2.7,180.3,96.0,35.0,38.7,2024-06-04T12:00:00,2024-06-04T07:00:00,1717484400
85,Gujrāt,PK,32.57284,74.07897,4,Asia/Karachi,105,85.4,2024-06-04:08,2.3,176.7,89.0,32.0,35.3,2024-06-04T13:00:00,2024-06-04T08:00:00,1717488000
86,Gujrāt,PK,32.57284,74.07897,4,Asia/Karachi,104,78.8,2024-06-04:09,2.0,173.0,82.0,29.0,32.0,2024-06-04T14:00:00,2024-06-04T09:00:00,1717491600
87,Gujrāt,PK,32.57284,74.07897,4,Asia/Karachi,103,79.6,2024-06-04:10,2.3,170.7,79.0,28.33,27.0,2024-06-04T15:00:00,2024-06-04T10:00:00,1717495200
88,Gujrāt,PK,32.57284,74.07897,4,Asia/Karachi,102,80.3,2024-06-04:11,2.7,168.3,76.0,27.67,22.0,2024-06-04T16:00:00,2024-06-04T11:00:00,1717498800
89,Gujrāt,PK,32.57284,74.07897,4,Asia/Karachi,102,81.1,2024-06-04:12,3.0,166.0,73.0,27.0,17.0,2024-06-04T17:00:00,2024-06-04T12:00:00,1717502400
90,Gujrāt,PK,32.57284,74.07897,4,Asia/Karachi,85,97.5,2024-06-04:13,7.0,148.0,68.3,28.0,20.3,2024-06-04T18:00:00,2024-06-04T13:00:00,1717506000
91,Gujrāt,PK,32.57284,74.07897,4,Asia/Karachi,87,113.8,2024-06-04:14,11.0,130.0,63.7,29.0,23.7,2024-06-04T19:00:00,2024-06-04T14:00:00,1717509600
92,Gujrāt,PK,32.57284,74.07897,4,Asia/Karachi,89,130.1,2024-06-04:15,15.0,112.0,59.0,30.0,27.0,2024-06-04T20:00:00,2024-06-04T15:00:00,1717513200
93,Gujrāt,PK,32.57284,74.07897,4,Asia/Karachi,92,142.4,2024-06-04:16,18.3,99.0,61.0,31.33,32.7,2024-06-04T21:00:00,2024-06-04T16:00:00,1717516800
94,Gujrāt,PK,32.57284,74.07897,4,Asia/Karachi,95,154.7,2024-06-04:17,21.7,86.0,63.0,32.67,38.3,2024-06-04T22:00:00,2024-06-04T17:00:00,1717520400
95,Gujrāt,PK,32.57284,74.07897,4,Asia/Karachi,98,166.9,2024-06-04:18,25.0,73.0,65.0,34.0,44.0,2024-06-04T23:00:00,2024-06-04T18:00:00,1717524000
96,Gujrāt,PK,32.57284,74.07897,4,Asia/Karachi,101,181.9,2024-06-04:19,30.0,56.7,69.3,35.67,39.0,2024-06-05T00:00:00,2024-06-04T19:00:00,1717527600
97,Gujrāt,PK,32.57284,74.07897,4,Asia/Karachi,105,196.9,2024-06-04:20,35.0,40.3,73.7,37.33,34.0,2024-06-05T01:00:00,2024-06-04T20:00:00,1717531200
98,Gujrāt,PK,32.57284,74.07897,4,Asia/Karachi,110,211.8,2024-06-04:21,40.0,24.0,78.0,39.0,29.0,2024-06-05T02:00:00,2024-06-04T21:00:00,1717534800
99,Gujrāt,PK,32.57284,74.07897,4,Asia/Karachi,99,169.8,2024-06-04:22,29.7,45.3,68.0,34.67,23.0,2024-06-05T03:00:00,2024-06-04T22:00:00,1717538400
100,Gujrāt,PK,32.57284,74.07897,4,Asia/Karachi,90,127.8,2024-06-04:23,19.3,66.7,58.0,30.33,17.0,2024-06-05T04:00:00,2024-06-04T23:00:00,1717542000
101,Gujrāt,PK,32.57284,74.07897,4,Asia/Karachi,80,85.8,2024-06-05:00,9.0,88.0,48.0,26.0,11.0,2024-06-05T05:00:00,2024-06-05T00:00:00,1717545600
102,Gujrāt,PK,32.57284,74.07897,4,Asia/Karachi,82,89.9,2024-06-05:01,8.7,95.0,50.7,27.0,12.3,2024-06-05T06:00:00,2024-06-05T01:00:00,1717549200
103,Gujrāt,PK,32.57284,74.07897,4,Asia/Karachi,85,94.0,2024-06-05:02,8.3,102.0,53.3,28.0,13.7,2024-06-05T07:00:00,2024-06-05T02:00:00,1717552800
104,Gujrāt,PK,32.57284,74.07897,4,Asia/Karachi,87,98.0,2024-06-05:03,8.0,109.0,56.0,29.0,15.0,2024-06-05T08:00:00,2024-06-05T03:00:00,1717556400
105,Gujrāt,PK,32.57284,74.07897,4,Asia/Karachi,87,88.9,2024-06-05:04,6.0,124.0,61.0,29.0,13.3,2024-06-05T09:00:00,2024-06-05T04:00:00,1717560000
106,Gujrāt,PK,32.57284,74.07897,4,Asia/Karachi,87,79.8,2024-06-05:05,4.0,139.0,66.0,29.0,11.7,2024-06-05T10:00:00,2024-06-05T05:00:00,1717563600
107,Gujrāt,PK,32.57284,74.07897,4,Asia/Karachi,92,70.6,2024-06-05:06,2.0,154.0,71.0,29.0,10.0,2024-06-05T11:00:00,2024-06-05T06:00:00,1717567200
108,Gujrāt,PK,32.57284,74.07897,4,Asia/Karachi,95,74.1,2024-06-05:07,2.3,156.3,73.3,29.67,13.7,2024-06-05T12:00:00,2024-06-05T07:00:00,1717570800
109,Gujrāt,PK,32.57284,74.07897,4,Asia/Karachi,98,77.6,2024-06-05:08,2.7,158.7,75.7,30.33,17.3,2024-06-05T13:00:00,2024-06-05T08:00:00,1717574400
110,Gujrāt,PK,32.57284,74.07897,4,Asia/Karachi,100,81.1,2024-06-05:09,3.0,161.0,78.0,31.0,21.0,2024-06-05T14:00:00,2024-06-05T09:00:00,1717578000
111,Gujrāt,PK,32.57284,74.07897,4,Asia/Karachi,108,81.7,2024-06-05:10,4.0,147.7,104.0,38.33,18.7,2024-06-05T15:00:00,2024-06-05T10:00:00,1717581600
112,Gujrāt,PK,32.57284,74.07897,4,Asia/Karachi,128,82.3,2024-06-05:11,5.0,134.3,130.0,45.67,16.3,2024-06-05T16:00:00,2024-06-05T11:00:00,1717585200
113,Gujrāt,PK,32.57284,74.07897,4,Asia/Karachi,148,82.9,2024-06-05:12,6.0,121.0,156.0,53.0,14.0,2024-06-05T17:00:00,2024-06-05T12:00:00,1717588800
114,Gujrāt,PK,32.57284,74.07897,4,Asia/Karachi,137,88.9,2024-06-05:13,7.7,111.7,132.7,49.0,14.3,2024-06-05T18:00:00,2024-06-05T13:00:00,1717592400
115,Gujrāt,PK,32.57284,74.07897,4,Asia/Karachi,126,94.9,2024-06-05:14,9.3,102.3,109.3,45.0,14.7,2024-06-05T19:00:00,2024-06-05T14:00:00,1717596000
116,Gujrāt,PK,32.57284,74.07897,4,Asia/Karachi,115,101.0,2024-06-05:15,11.0,93.0,86.0,41.0,15.0,2024-06-05T20:00:00,2024-06-05T15:00:00,1717599600
117,Gujrāt,PK,32.57284,74.07897,4,Asia/Karachi,112,101.4,2024-06-05:16,11.0,87.0,80.0,39.67,14.7,2024-06-05T21:00:00,2024-06-05T16:00:00,1717603200
118,Gujrāt,PK,32.57284,74.07897,4,Asia/Karachi,108,101.7,2024-06-05:17,11.0,81.0,74.0,38.33,14.3,2024-06-05T22:00:00,2024-06-05T17:00:00,1717606800
119,Gujrāt,PK,32.57284,74.07897,4,Asia/Karachi,104,102.1,2024-06-05:18,11.0,75.0,68.0,37.0,14.0,2024-06-05T23:00:00,2024-06-05T18:00:00,1717610400
120,Gujrāt,PK,32.57284,74.07897,4,Asia/Karachi,100,102.3,2024-06-05:19,13.7,66.3,64.0,35.33,13.3,2024-06-06T00:00:00,2024-06-05T19:00:00,1717614000
121,Gujrāt,PK,32.57284,74.07897,4,Asia/Karachi,97,102.5,2024-06-05:20,16.3,57.7,60.0,33.67,12.7,2024-06-06T01:00:00,2024-06-05T20:00:00,1717617600
122,Gujrāt,PK,32.57284,74.07897,4,Asia/Karachi,93,102.7,2024-06-05:21,19.0,49.0,56.0,32.0,12.0,2024-06-06T02:00:00,2024-06-05T21:00:00,1717621200
123,Gujrāt,PK,32.57284,74.07897,4,Asia/Karachi,93,108.5,2024-06-05:22,20.7,43.0,56.7,32.0,12.7,2024-06-06T03:00:00,2024-06-05T22:00:00,1717624800
124,Gujrāt,PK,32.57284,74.07897,4,Asia/Karachi,93,114.4,2024-06-05:23,22.3,37.0,57.3,32.0,13.3,2024-06-06T04:00:00,2024-06-05T23:00:00,1717628400
125,Gujrāt,PK,32.57284,74.07897,4,Asia/Karachi,93,120.2,2024-06-06:00,24.0,31.0,58.0,32.0,14.0,2024-06-06T05:00:00,2024-06-06T00:00:00,1717632000
126,Gujrāt,PK,32.57284,74.07897,4,Asia/Karachi,92,123.7,2024-06-06:01,20.3,47.0,58.0,31.67,16.3,2024-06-06T06:00:00,2024-06-06T01:00:00,1717635600
127,Gujrāt,PK,32.57284,74.07897,4,Asia/Karachi,92,127.2,2024-06-06:02,16.7,63.0,58.0,31.33,18.7,2024-06-06T07:00:00,2024-06-06T02:00:00,1717639200
128,Gujrāt,PK,32.57284,74.07897,4,Asia/Karachi,91,130.7,2024-06-06:03,13.0,79.0,58.0,31.0,21.0,2024-06-06T08:00:00,2024-06-06T03:00:00,1717642800
129,Gujrāt,PK,32.57284,74.07897,4,Asia/Karachi,96,117.5,2024-06-06:04,9.3,106.7,78.0,33.33,21.7,2024-06-06T09:00:00,2024-06-06T04:00:00,1717646400
130,Gujrāt,PK,32.57284,74.07897,4,Asia/Karachi,101,104.3,2024-06-06:05,5.7,134.3,98.0,35.67,22.3,2024-06-06T10:00:00,2024-06-06T05:00:00,1717650000
131,Gujrāt,PK,32.57284,74.07897,4,Asia/Karachi,107,91.0,2024-06-06:06,2.0,162.0,118.0,38.0,23.0,2024-06-06T11:00:00,2024-06-06T06:00:00,1717653600
132,Gujrāt,PK,32.57284,74.07897,4,Asia/Karachi,109,88.3,2024-06-06:07,2.0,163.7,121.0,38.67,22.0,2024-06-06T12:00:00,2024-06-06T07:00:00,1717657200
133,Gujrāt,PK,32.57284,74.07897,4,Asia/Karachi,111,85.6,2024-06-06:08,2.0,165.3,124.0,39.33,21.0,2024-06-06T13:00:00,2024-06-06T08:00:00,1717660800
134,Gujrāt,PK,32.57284,74.07897,4,Asia/Karachi,112,82.9,2024-06-06:09,2.0,167.0,127.0,40.0,20.0,2024-06-06T14:00:00,2024-06-06T09:00:00,1717664400
135,Gujrāt,PK,32.57284,74.07897,4,Asia/Karachi,112,79.6,2024-06-06:10,2.3,166.7,125.0,39.67,18.7,2024-06-06T15:00:00,2024-06-06T10:00:00,1717668000
136,Gujrāt,PK,32.57284,74.07897,4,Asia/Karachi,111,76.3,2024-06-06:11,2.7,166.3,123.0,39.33,17.3,2024-06-06T16:00:00,2024-06-06T11:00:00,1717671600
137,Gujrāt,PK,32.57284,74.07897,4,Asia/Karachi,110,73.0,2024-06-06:12,3.0,166.0,121.0,39.0,16.0,2024-06-06T17:00:00,2024-06-06T12:00:00,1717675200
138,Gujrāt,PK,32.57284,74.07897,4,Asia/Karachi,114,119.8,2024-06-06:13,14.0,143.0,112.7,40.67,21.3,2024-06-06T18:00:00,2024-06-06T13:00:00,1717678800
139,Gujrāt,PK,32.57284,74.07897,4,Asia/Karachi,119,166.7,2024-06-06:14,25.0,120.0,104.3,42.33,26.7,2024-06-06T19:00:00,2024-06-06T14:00:00,1717682400
140,Gujrāt,PK,32.57284,74.07897,4,Asia/Karachi,123,213.6,2024-06-06:15,36.0,97.0,96.0,44.0,32.0,2024-06-06T20:00:00,2024-06-06T15:00:00,1717686000
141,Gujrāt,PK,32.57284,74.07897,4,Asia/Karachi,120,260.9,2024-06-06:16,44.7,74.7,91.7,42.67,35.3,2024-06-06T21:00:00,2024-06-06T16:00:00,1717689600
142,Gujrāt,PK,32.57284,74.07897,4,Asia/Karachi,116,308.1,2024-06-06:17,53.3,52.3,87.3,41.33,38.7,2024-06-06T22:00:00,2024-06-06T17:00:00,1717693200
143,Gujrāt,PK,32.57284,74.07897,4,Asia/Karachi,112,355.4,2024-06-06:18,62.0,30.0,83.0,40.0,42.0,2024-06-06T23:00:00,2024-06-06T18:00:00,1717696800
144,Gujrāt,PK,32.57284,74.07897,4,Asia/Karachi,109,328.2,2024-06-06:19,57.0,27.0,79.0,38.67,35.7,2024-06-07T00:00:00,2024-06-06T19:00:00,1717700400
145,Gujrāt,PK,32.57284,74.07897,4,Asia/Karachi,105,300.9,2024-06-06:20,52.0,24.0,75.0,37.33,29.3,2024-06-07T01:00:00,2024-06-06T20:00:00,1717704000
146,Gujrāt,PK,32.57284,74.07897,4,Asia/Karachi,102,273.7,2024-06-06:21,47.0,21.0,71.0,36.0,23.0,2024-06-07T02:00:00,2024-06-06T21:00:00,1717707600
147,Gujrāt,PK,32.57284,74.07897,4,Asia/Karachi,103,229.4,2024-06-06:22,39.0,25.3,69.7,36.33,20.0,2024-06-07T03:00:00,2024-06-06T22:00:00,1717711200
148,Gujrāt,PK,32.57284,74.07897,4,Asia/Karachi,103,185.0,2024-06-06:23,31.0,29.7,68.3,36.67,17.0,2024-06-07T04:00:00,2024-06-06T23:00:00,1717714800
149,Gujrāt,PK,32.57284,74.07897,4,Asia/Karachi,104,140.6,2024-06-07:00,23.0,34.0,67.0,37.0,14.0,2024-06-07T05:00:00,2024-06-07T00:00:00,1717718400
150,Gujrāt,PK,32.57284,74.07897,4,Asia/Karachi,101,139.1,2024-06-07:01,19.7,54.0,64.3,35.67,15.7,2024-06-07T06:00:00,2024-06-07T01:00:00,1717722000
151,Gujrāt,PK,32.57284,74.07897,4,Asia/Karachi,98,137.5,2024-06-07:02,16.3,74.0,61.7,34.33,17.3,2024-06-07T07:00:00,2024-06-07T02:00:00,1717725600
152,Gujrāt,PK,32.57284,74.07897,4,Asia/Karachi,95,136.0,2024-06-07:03,13.0,94.0,59.0,33.0,19.0,2024-06-07T08:00:00,2024-06-07T03:00:00,1717729200
153,Gujrāt,PK,32.57284,74.07897,4,Asia/Karachi,96,115.7,2024-06-07:04,9.3,113.7,71.0,33.33,18.3,2024-06-07T09:00:00,2024-06-07T04:00:00,1717732800
154,Gujrāt,PK,32.57284,74.07897,4,Asia/Karachi,97,95.5,2024-06-07:05,5.7,133.3,83.0,33.67,17.7,2024-06-07T10:00:00,2024-06-07T05:00:00,1717736400
155,Gujrāt,PK,32.57284,74.07897,4,Asia/Karachi,98,75.3,2024-06-07:06,2.0,153.0,95.0,34.0,17.0,2024-06-07T11:00:00,2024-06-07T06:00:00,1717740000
156,Gujrāt,PK,32.57284,74.07897,4,Asia/Karachi,98,73.7,2024-06-07:07,1.7000000000000002,152.3,94.7,34.33,16.7,2024-06-07T12:00:00,2024-06-07T07:00:00,1717743600
157,Gujrāt,PK,32.57284,74.07897,4,Asia/Karachi,99,72.2,2024-06-07:08,1.3,151.7,94.3,34.67,16.3,2024-06-07T13:00:00,2024-06-07T08:00:00,1717747200
158,Gujrāt,PK,32.57284,74.07897,4,Asia/Karachi,100,70.6,2024-06-07:09,1.0,151.0,94.0,35.0,16.0,2024-06-07T14:00:00,2024-06-07T09:00:00,1717750800
159,Gujrāt,PK,32.57284,74.07897,4,Asia/Karachi,98,70.0,2024-06-07:10,1.7000000000000002,151.3,94.0,34.33,17.0,2024-06-07T15:00:00,2024-06-07T10:00:00,1717754400
160,Gujrāt,PK,32.57284,74.07897,4,Asia/Karachi,97,69.4,2024-06-07:11,2.3,151.7,94.0,33.67,18.0,2024-06-07T16:00:00,2024-06-07T11:00:00,1717758000
161,Gujrāt,PK,32.57284,74.07897,4,Asia/Karachi,95,68.9,2024-06-07:12,3.0,152.0,94.0,33.0,19.0,2024-06-07T17:00:00,2024-06-07T12:00:00,1717761600
162,Gujrāt,PK,32.57284,74.07897,4,Asia/Karachi,98,81.7,2024-06-07:13,6.0,136.0,89.0,34.33,20.3,2024-06-07T18:00:00,2024-06-07T13:00:00,1717765200
163,Gujrāt,PK,32.57284,74.07897,4,Asia/Karachi,101,94.5,2024-06-07:14,9.0,120.0,84.0,35.67,21.7,2024-06-07T19:00:00,2024-06-07T14:00:00,1717768800
164,Gujrāt,PK,32.57284,74.07897,4,Asia/Karachi,104,107.4,2024-06-07:15,12.0,104.0,79.0,37.0,23.0,2024-06-07T20:00:00,2024-06-07T15:00:00,1717772400
165,Gujrāt,PK,32.57284,74.07897,4,Asia/Karachi,106,110.7,2024-06-07:16,12.3,96.3,76.3,37.67,22.0,2024-06-07T21:00:00,2024-06-07T16:00:00,1717776000
166,Gujrāt,PK,32.57284,74.07897,4,Asia/Karachi,108,114.0,2024-06-07:17,12.7,88.7,73.7,38.33,21.0,2024-06-07T22:00:00,2024-06-07T17:00:00,1717779600
167,Gujrāt,PK,32.57284,74.07897,4,Asia/Karachi,110,117.3,2024-06-07:18,13.0,81.0,71.0,39.0,20.0,2024-06-07T23:00:00,2024-06-07T18:00:00,1717783200
168,Gujrāt,PK,32.57284,74.07897,4,Asia/Karachi,108,114.6,2024-06-07:19,14.3,73.7,69.3,38.33,18.7,2024-06-08T00:00:00,2024-06-07T19:00:00,1717786800
169,Gujrāt,PK,32.57284,74.07897,4,Asia/Karachi,106,111.9,2024-06-07:20,15.7,66.3,67.7,37.67,17.3,2024-06-08T01:00:00,2024-06-07T20:00:00,1717790400
170,Gujrāt,PK,32.57284,74.07897,4,Asia/Karachi,104,109.1,2024-06-07:21,17.0,59.0,66.0,37.0,16.0,2024-06-08T02:00:00,2024-06-07T21:00:00,1717794000
171,Gujrāt,PK,32.57284,74.07897,4,Asia/Karachi,106,114.8,2024-06-07:22,18.3,50.7,67.7,37.67,15.7,2024-06-08T03:00:00,2024-06-07T22:00:00,1717797600
172,Gujrāt,PK,32.57284,74.07897,4,Asia/Karachi,108,120.4,2024-06-07:23,19.7,42.3,69.3,38.33,15.3,2024-06-08T04:00:00,2024-06-07T23:00:00,1717801200
173,Gujrāt,PK,32.57284,74.07897,4,Asia/Karachi,110,126.1,2024-06-08:00,21.0,34.0,71.0,39.0,15.0,2024-06-08T05:00:00,2024-06-08T00:00:00,1717804800
174,Gujrāt,PK,32.57284,74.07897,4,Asia/Karachi,105,126.8,2024-06-08:01,18.3,52.3,68.0,37.33,17.0,2024-06-08T06:00:00,2024-06-08T01:00:00,1717808400
175,Gujrāt,PK,32.57284,74.07897,4,Asia/Karachi,101,127.6,2024-06-08:02,15.7,70.7,65.0,35.67,19.0,2024-06-08T07:00:00,2024-06-08T02:00:00,1717812000
176,Gujrāt,PK,32.57284,74.07897,4,Asia/Karachi,98,128.4,2024-06-08:03,13.0,89.0,62.0,34.0,21.0,2024-06-08T08:00:00,2024-06-08T03:00:00,1717815600
177,Gujrāt,PK,32.57284,74.07897,4,Asia/Karachi,92,109.9,2024-06-08:04,9.3,110.7,59.7,31.33,19.0,2024-06-08T09:00:00,2024-06-08T04:00:00,1717819200
178,Gujrāt,PK,32.57284,74.07897,4,Asia/Karachi,86,91.4,2024-06-08:05,5.7,132.3,57.3,28.67,17.0,2024-06-08T10:00:00,2024-06-08T05:00:00,1717822800
179,Gujrāt,PK,32.57284,74.07897,4,Asia/Karachi,92,73.0,2024-06-08:06,2.0,154.0,55.0,26.0,15.0,2024-06-08T11:00:00,2024-06-08T06:00:00,1717826400
180,Gujrāt,PK,32.57284,74.07897,4,Asia/Karachi,89,69.6,2024-06-08:07,1.7000000000000002,151.3,51.7,24.33,13.3,2024-06-08T12:00:00,2024-06-08T07:00:00,1717830000
181,Gujrāt,PK,32.57284,74.07897,4,Asia/Karachi,86,66.3,2024-06-08:08,1.3,148.7,48.3,22.67,11.7,2024-06-08T13:00:00,2024-06-08T08:00:00,1717833600
182,Gujrāt,PK,32.57284,74.07897,4,Asia/Karachi,82,63.0,2024-06-08:09,1.0,146.0,45.0,21.0,10.0,2024-06-08T14:00:00,2024-06-08T09:00:00,1717837200
183,Gujrāt,PK,32.57284,74.07897,4,Asia/Karachi,81,63.0,2024-06-08:10,1.3,145.0,42.0,20.33,9.3,2024-06-08T15:00:00,2024-06-08T10:00:00,1717840800
184,Gujrāt,PK,32.57284,74.07897,4,Asia/Karachi,80,63.0,2024-06-08:11,1.7000000000000002,144.0,39.0,19.67,8.7,2024-06-08T16:00:00,2024-06-08T11:00:00,1717844400
185,Gujrāt,PK,32.57284,74.07897,4,Asia/Karachi,79,63.0,2024-06-08:12,2.0,143.0,36.0,19.0,8.0,2024-06-08T17:00:00,2024-06-08T12:00:00,1717848000
186,Gujrāt,PK,32.57284,74.07897,4,Asia/Karachi,67,88.7,2024-06-08:13,8.3,122.3,35.3,20.0,10.3,2024-06-08T18:00:00,2024-06-08T13:00:00,1717851600
187,Gujrāt,PK,32.57284,74.07897,4,Asia/Karachi,69,114.4,2024-06-08:14,14.7,101.7,34.7,21.0,12.7,2024-06-08T19:00:00,2024-06-08T14:00:00,1717855200
188,Gujrāt,PK,32.57284,74.07897,4,Asia/Karachi,72,140.1,2024-06-08:15,21.0,81.0,34.0,22.0,15.0,2024-06-08T20:00:00,2024-06-08T15:00:00,1717858800
189,Gujrāt,PK,32.57284,74.07897,4,Asia/Karachi,72,135.2,2024-06-08:16,19.3,79.0,34.3,22.0,15.0,2024-06-08T21:00:00,2024-06-08T16:00:00,1717862400
190,Gujrāt,PK,32.57284,74.07897,4,Asia/Karachi,72,130.3,2024-06-08:17,17.7,77.0,34.7,22.0,15.0,2024-06-08T22:00:00,2024-06-08T17:00:00,1717866000
191,Gujrāt,PK,32.57284,74.07897,4,Asia/Karachi,72,125.5,2024-06-08:18,16.0,75.0,35.0,22.0,15.0,2024-06-08T23:00:00,2024-06-08T18:00:00,1717869600
192,Gujrāt,PK,32.57284,74.07897,4,Asia/Karachi,71,127.6,2024-06-08:19,18.7,65.7,34.3,21.67,14.7,2024-06-09T00:00:00,2024-06-08T19:00:00,1717873200
193,Gujrāt,PK,32.57284,74.07897,4,Asia/Karachi,70,129.8,2024-06-08:20,21.3,56.3,33.7,21.33,14.3,2024-06-09T01:00:00,2024-06-08T20:00:00,1717876800
194,Gujrāt,PK,32.57284,74.07897,4,Asia/Karachi,69,131.9,2024-06-08:21,24.0,47.0,33.0,21.0,14.0,2024-06-09T02:00:00,2024-06-08T21:00:00,1717880400
195,Gujrāt,PK,32.57284,74.07897,4,Asia/Karachi,69,119.2,2024-06-08:22,21.3,48.7,33.0,20.67,12.7,2024-06-09T03:00:00,2024-06-08T22:00:00,1717884000
196,Gujrāt,PK,32.57284,74.07897,4,Asia/Karachi,68,106.6,2024-06-08:23,18.7,50.3,33.0,20.33,11.3,2024-06-09T04:00:00,2024-06-08T23:00:00,1717887600
197,Gujrāt,PK,32.57284,74.07897,4,Asia/Karachi,67,94.0,2024-06-09:00,16.0,52.0,33.0,20.0,10.0,2024-06-09T05:00:00,2024-06-09T00:00:00,1717891200
198,Gujrāt,PK,32.57284,74.07897,4,Asia/Karachi,69,99.8,2024-06-09:01,14.0,69.7,34.7,21.0,12.0,2024-06-09T06:00:00,2024-06-09T01:00:00,1717894800
199,Gujrāt,PK,32.57284,74.07897,4,Asia/Karachi,72,105.6,2024-06-09:02,12.0,87.3,36.3,22.0,14.0,2024-06-09T07:00:00,2024-06-09T02:00:00,1717898400
200,Gujrāt,PK,32.57284,74.07897,4,Asia/Karachi,74,111.5,2024-06-09:03,10.0,105.0,38.0,23.0,16.0,2024-06-09T08:00:00,2024-06-09T03:00:00,1717902000
201,Gujrāt,PK,32.57284,74.07897,4,Asia/Karachi,67,95.5,2024-06-09:04,7.3,124.3,33.0,19.67,13.7,2024-06-09T09:00:00,2024-06-09T04:00:00,1717905600
202,Gujrāt,PK,32.57284,74.07897,4,Asia/Karachi,80,79.6,2024-06-09:05,4.7,143.7,28.0,16.33,11.3,2024-06-09T10:00:00,2024-06-09T05:00:00,1717909200
203,Gujrāt,PK,32.57284,74.07897,4,Asia/Karachi,101,63.6,2024-06-09:06,2.0,163.0,23.0,13.0,9.0,2024-06-09T11:00:00,2024-06-09T06:00:00,1717912800
204,Gujrāt,PK,32.57284,74.07897,4,Asia/Karachi,100,61.9,2024-06-09:07,1.7000000000000002,160.7,22.3,12.67,8.0,2024-06-09T12:00:00,2024-06-09T07:00:00,1717916400
205,Gujrāt,PK,32.57284,74.07897,4,Asia/Karachi,98,60.1,2024-06-09:08,1.3,158.3,21.7,12.33,7.0,2024-06-09T13:00:00,2024-06-09T08:00:00,1717920000
206,Gujrāt,PK,32.57284,74.07897,4,Asia/Karachi,95,58.4,2024-06-09:09,1.0,156.0,21.0,12.0,6.0,2024-06-09T14:00:00,2024-06-09T09:00:00,1717923600
207,Gujrāt,PK,32.57284,74.07897,4,Asia/Karachi,95,58.7,2024-06-09:10,1.3,155.7,19.0,10.67,6.3,2024-06-09T15:00:00,2024-06-09T10:00:00,1717927200
208,Gujrāt,PK,32.57284,74.07897,4,Asia/Karachi,94,59.1,2024-06-09:11,1.7000000000000002,155.3,17.0,9.33,6.7,2024-06-09T16:00:00,2024-06-09T11:00:00,1717930800
209,Gujrāt,PK,32.57284,74.07897,4,Asia/Karachi,94,59.5,2024-06-09:12,2.0,155.0,15.0,8.0,7.0,2024-06-09T17:00:00,2024-06-09T12:00:00,1717934400
210,Gujrāt,PK,32.57284,74.07897,4,Asia/Karachi,73,79.4,2024-06-09:13,6.7,138.7,17.3,10.33,10.7,2024-06-09T18:00:00,2024-06-09T13:00:00,1717938000
211,Gujrāt,PK,32.57284,74.07897,4,Asia/Karachi,53,99.2,2024-06-09:14,11.3,122.3,19.7,12.67,14.3,2024-06-09T19:00:00,2024-06-09T14:00:00,1717941600
212,Gujrāt,PK,32.57284,74.07897,4,Asia/Karachi,56,119.1,2024-06-09:15,16.0,106.0,22.0,15.0,18.0,2024-06-09T20:00:00,2024-06-09T15:00:00,1717945200
213,Gujrāt,PK,32.57284,74.07897,4,Asia/Karachi,60,130.5,2024-06-09:16,17.7,93.3,24.7,16.67,18.3,2024-06-09T21:00:00,2024-06-09T16:00:00,1717948800
214,Gujrāt,PK,32.57284,74.07897,4,Asia/Karachi,64,142.0,2024-06-09:17,19.3,80.7,27.3,18.33,18.7,2024-06-09T22:00:00,2024-06-09T17:00:00,1717952400
215,Gujrāt,PK,32.57284,74.07897,4,Asia/Karachi,67,153.5,2024-06-09:18,21.0,68.0,30.0,20.0,19.0,2024-06-09T23:00:00,2024-06-09T18:00:00,1717956000
216,Gujrāt,PK,32.57284,74.07897,4,Asia/Karachi,69,155.0,2024-06-09:19,23.0,58.0,31.3,20.67,18.0,2024-06-10T00:00:00,2024-06-09T19:00:00,1717959600
217,Gujrāt,PK,32.57284,74.07897,4,Asia/Karachi,70,156.6,2024-06-09:20,25.0,48.0,32.7,21.33,17.0,2024-06-10T01:00:00,2024-06-09T20:00:00,1717963200
218,Gujrāt,PK,32.57284,74.07897,4,Asia/Karachi,72,158.2,2024-06-09:21,27.0,38.0,34.0,22.0,16.0,2024-06-10T02:00:00,2024-06-09T21:00:00,1717966800
219,Gujrāt,PK,32.57284,74.07897,4,Asia/Karachi,77,164.6,2024-06-09:22,30.3,34.3,41.3,24.67,17.0,2024-06-10T03:00:00,2024-06-09T22:00:00,1717970400
220,Gujrāt,PK,32.57284,74.07897,4,Asia/Karachi,83,171.0,2024-06-09:23,33.7,30.7,48.7,27.33,18.0,2024-06-10T04:00:00,2024-06-09T23:00:00,1717974000
221,Gujrāt,PK,32.57284,74.07897,4,Asia/Karachi,89,177.4,2024-06-10:00,37.0,27.0,56.0,30.0,19.0,2024-06-10T05:00:00,2024-06-10T00:00:00,1717977600
222,Gujrāt,PK,32.57284,74.07897,4,Asia/Karachi,91,174.1,2024-06-10:01,29.7,50.7,59.0,31.0,22.3,2024-06-10T06:00:00,2024-06-10T01:00:00,1717981200
223,Gujrāt,PK,32.57284,74.07897,4,Asia/Karachi,93,170.8,2024-06-10:02,22.3,74.3,62.0,32.0,25.7,2024-06-10T07:00:00,2024-06-10T02:00:00,1717984800
224,Gujrāt,PK,32.57284,74.07897,4,Asia/Karachi,95,167.5,2024-06-10:03,15.0,98.0,65.0,33.0,29.0,2024-06-10T08:00:00,2024-06-10T03:00:00,1717988400
225,Gujrāt,PK,32.57284,74.07897,4,Asia/Karachi,89,143.0,2024-06-10:04,11.0,122.7,60.0,30.0,25.0,2024-06-10T09:00:00,2024-06-10T04:00:00,1717992000
226,Gujrāt,PK,32.57284,74.07897,4,Asia/Karachi,84,118.5,2024-06-10:05,7.0,147.3,55.0,27.0,21.0,2024-06-10T10:00:00,2024-06-10T05:00:00,1717995600
227,Gujrāt,PK,32.57284,74.07897,4,Asia/Karachi,104,94.0,2024-06-10:06,3.0,172.0,50.0,24.0,17.0,2024-06-10T11:00:00,2024-06-10T06:00:00,1717999200
228,Gujrāt,PK,32.57284,74.07897,4,Asia/Karachi,102,83.5,2024-06-10:07,2.3,167.7,42.3,20.33,14.7,2024-06-10T12:00:00,2024-06-10T07:00:00,1718002800
229,Gujrāt,PK,32.57284,74.07897,4,Asia/Karachi,101,72.9,2024-06-10:08,1.7000000000000002,163.3,34.7,16.67,12.3,2024-06-10T13:00:00,2024-06-10T08:00:00,1718006400
230,Gujrāt,PK,32.57284,74.07897,4,Asia/Karachi,99,62.4,2024-06-10:09,1.0,159.0,27.0,13.0,10.0,2024-06-10T14:00:00,2024-06-10T09:00:00,1718010000
231,Gujrāt,PK,32.57284,74.07897,4,Asia/Karachi,100,64.4,2024-06-10:10,1.7000000000000002,161.3,23.3,11.67,10.0,2024-06-10T15:00:00,2024-06-10T10:00:00,1718013600
232,Gujrāt,PK,32.57284,74.07897,4,Asia/Karachi,101,66.3,2024-06-10:11,2.3,163.7,19.7,10.33,10.0,2024-06-10T16:00:00,2024-06-10T11:00:00,1718017200
233,Gujrāt,PK,32.57284,74.07897,4,Asia/Karachi,102,68.3,2024-06-10:12,3.0,166.0,16.0,9.0,10.0,2024-06-10T17:00:00,2024-06-10T12:00:00,1718020800
234,Gujrāt,PK,32.57284,74.07897,4,Asia/Karachi,76,100.8,2024-06-10:13,10.7,141.0,19.3,11.67,12.7,2024-06-10T18:00:00,2024-06-10T13:00:00,1718024400
235,Gujrāt,PK,32.57284,74.07897,4,Asia/Karachi,55,133.3,2024-06-10:14,18.3,116.0,22.7,14.33,15.3,2024-06-10T19:00:00,2024-06-10T14:00:00,1718028000
236,Gujrāt,PK,32.57284,74.07897,4,Asia/Karachi,61,165.7,2024-06-10:15,26.0,91.0,26.0,17.0,18.0,2024-06-10T20:00:00,2024-06-10T15:00:00,1718031600
237,Gujrāt,PK,32.57284,74.07897,4,Asia/Karachi,66,197.1,2024-06-10:16,32.0,73.3,29.3,19.33,20.3,2024-06-10T21:00:00,2024-06-10T16:00:00,1718035200
238,Gujrāt,PK,32.57284,74.07897,4,Asia/Karachi,71,228.4,2024-06-10:17,38.0,55.7,32.7,21.67,22.7,2024-06-10T22:00:00,2024-06-10T17:00:00,1718038800
239,Gujrāt,PK,32.57284,74.07897,4,Asia/Karachi,76,259.7,2024-06-10:18,44.0,38.0,36.0,24.0,25.0,2024-06-10T23:00:00,2024-06-10T18:00:00,1718042400
240,Gujrāt,PK,32.57284,74.07897,4,Asia/Karachi,78,257.4,2024-06-10:19,45.0,30.3,37.3,25.0,22.3,2024-06-11T00:00:00,2024-06-10T19:00:00,1718046000
241,Gujrāt,PK,32.57284,74.07897,4,Asia/Karachi,80,255.0,2024-06-10:20,46.0,22.7,38.7,26.0,19.7,2024-06-11T01:00:00,2024-06-10T20:00:00,1718049600
242,Gujrāt,PK,32.57284,74.07897,4,Asia/Karachi,82,252.7,2024-06-10:21,47.0,15.0,40.0,27.0,17.0,2024-06-11T02:00:00,2024-06-10T21:00:00,1718053200
243,Gujrāt,PK,32.57284,74.07897,4,Asia/Karachi,85,250.0,2024-06-10:22,46.7,13.0,41.3,28.0,16.3,2024-06-11T03:00:00,2024-06-10T22:00:00,1718056800
244,Gujrāt,PK,32.57284,74.07897,4,Asia/Karachi,87,247.3,2024-06-10:23,46.3,11.0,42.7,29.0,15.7,2024-06-11T04:00:00,2024-06-10T23:00:00,1718060400
245,Gujrāt,PK,32.57284,74.07897,4,Asia/Karachi,89,244.5,2024-06-11:00,46.0,9.0,44.0,30.0,15.0,2024-06-11T05:00:00,2024-06-11T00:00:00,1718064000
246,Gujrāt,PK,32.57284,74.07897,4,Asia/Karachi,92,229.0,2024-06-11:01,36.3,47.3,46.3,31.33,17.3,2024-06-11T06:00:00,2024-06-11T01:00:00,1718067600
247,Gujrāt,PK,32.57284,74.07897,4,Asia/Karachi,95,213.4,2024-06-11:02,26.7,85.7,48.7,32.67,19.7,2024-06-11T07:00:00,2024-06-11T02:00:00,1718071200
248,Gujrāt,PK,32.57284,74.07897,4,Asia/Karachi,98,197.8,2024-06-11:03,17.0,124.0,51.0,34.0,22.0,2024-06-11T08:00:00,2024-06-11T03:00:00,1718074800
249,Gujrāt,PK,32.57284,74.07897,4,Asia/Karachi,87,162.0,2024-06-11:04,12.3,145.0,45.0,29.0,19.7,2024-06-11T09:00:00,2024-06-11T04:00:00,1718078400
250,Gujrāt,PK,32.57284,74.07897,4,Asia/Karachi,102,126.3,2024-06-11:05,7.7,166.0,39.0,24.0,17.3,2024-06-11T10:00:00,2024-06-11T05:00:00,1718082000
251,Gujrāt,PK,32.57284,74.07897,4,Asia/Karachi,108,90.5,2024-06-11:06,3.0,187.0,33.0,19.0,15.0,2024-06-11T11:00:00,2024-06-11T06:00:00,1718085600
252,Gujrāt,PK,32.57284,74.07897,4,Asia/Karachi,107,83.5,2024-06-11:07,2.3,182.7,28.0,16.33,13.7,2024-06-11T12:00:00,2024-06-11T07:00:00,1718089200
253,Gujrāt,PK,32.57284,74.07897,4,Asia/Karachi,105,76.5,2024-06-11:08,1.7000000000000002,178.3,23.0,13.67,12.3,2024-06-11T13:00:00,2024-06-11T08:00:00,1718092800
254,Gujrāt,PK,32.57284,74.07897,4,Asia/Karachi,104,69.4,2024-06-11:09,1.0,174.0,18.0,11.0,11.0,2024-06-11T14:00:00,2024-06-11T09:00:00,1718096400
255,Gujrāt,PK,32.57284,74.07897,4,Asia/Karachi,104,71.2,2024-06-11:10,1.7000000000000002,172.0,17.7,10.67,10.3,2024-06-11T15:00:00,2024-06-11T10:00:00,1718100000
256,Gujrāt,PK,32.57284,74.07897,4,Asia/Karachi,103,72.9,2024-06-11:11,2.3,170.0,17.3,10.33,9.7,2024-06-11T16:00:00,2024-06-11T11:00:00,1718103600
257,Gujrāt,PK,32.57284,74.07897,4,Asia/Karachi,102,74.7,2024-06-11:12,3.0,168.0,17.0,10.0,9.0,2024-06-11T17:00:00,2024-06-11T12:00:00,1718107200
258,Gujrāt,PK,32.57284,74.07897,4,Asia/Karachi,76,114.8,2024-06-11:13,12.7,141.0,21.0,13.0,12.7,2024-06-11T18:00:00,2024-06-11T13:00:00,1718110800
259,Gujrāt,PK,32.57284,74.07897,4,Asia/Karachi,59,154.8,2024-06-11:14,22.3,114.0,25.0,16.0,16.3,2024-06-11T19:00:00,2024-06-11T14:00:00,1718114400
260,Gujrāt,PK,32.57284,74.07897,4,Asia/Karachi,65,194.9,2024-06-11:15,32.0,87.0,29.0,19.0,20.0,2024-06-11T20:00:00,2024-06-11T15:00:00,1718118000
261,Gujrāt,PK,32.57284,74.07897,4,Asia/Karachi,67,230.3,2024-06-11:16,39.3,68.7,30.3,20.0,23.3,2024-06-11T21:00:00,2024-06-11T16:00:00,1718121600
262,Gujrāt,PK,32.57284,74.07897,4,Asia/Karachi,69,265.7,2024-06-11:17,46.7,50.3,31.7,21.0,26.7,2024-06-11T22:00:00,2024-06-11T17:00:00,1718125200
263,Gujrāt,PK,32.57284,74.07897,4,Asia/Karachi,72,301.1,2024-06-11:18,54.0,32.0,33.0,22.0,30.0,2024-06-11T23:00:00,2024-06-11T18:00:00,1718128800
264,Gujrāt,PK,32.57284,74.07897,4,Asia/Karachi,77,301.7,2024-06-11:19,57.3,23.0,36.3,24.33,28.3,2024-06-12T00:00:00,2024-06-11T19:00:00,1718132400
265,Gujrāt,PK,32.57284,74.07897,4,Asia/Karachi,82,302.3,2024-06-11:20,60.7,14.0,39.7,26.67,26.7,2024-06-12T01:00:00,2024-06-11T20:00:00,1718136000
266,Gujrāt,PK,32.57284,74.07897,4,Asia/Karachi,87,302.9,2024-06-11:21,64.0,5.0,43.0,29.0,25.0,2024-06-12T02:00:00,2024-06-11T21:00:00,1718139600
267,Gujrāt,PK,32.57284,74.07897,4,Asia/Karachi,89,281.5,2024-06-11:22,57.7,7.3,44.7,30.0,22.0,2024-06-12T03:00:00,2024-06-11T22:00:00,1718143200
268,Gujrāt,PK,32.57284,74.07897,4,Asia/Karachi,91,260.1,2024-06-11:23,51.3,9.7,46.3,31.0,19.0,2024-06-12T04:00:00,2024-06-11T23:00:00,1718146800
269,Gujrāt,PK,32.57284,74.07897,4,Asia/Karachi,93,238.7,2024-06-12:00,45.0,12.0,48.0,32.0,16.0,2024-06-12T05:00:00,2024-06-12T00:00:00,1718150400
270,Gujrāt,PK,32.57284,74.07897,4,Asia/Karachi,97,230.3,2024-06-12:01,37.0,47.3,50.7,33.67,18.7,2024-06-12T06:00:00,2024-06-12T01:00:00,1718154000
271,Gujrāt,PK,32.57284,74.07897,4,Asia/Karachi,100,222.0,2024-06-12:02,29.0,82.7,53.3,35.33,21.3,2024-06-12T07:00:00,2024-06-12T02:00:00,1718157600
272,Gujrāt,PK,32.57284,74.07897,4,Asia/Karachi,104,213.6,2024-06-12:03,21.0,118.0,56.0,37.0,24.0,2024-06-12T08:00:00,2024-06-12T03:00:00,1718161200
273,Gujrāt,PK,32.57284,74.07897,4,Asia/Karachi,93,175.9,2024-06-12:04,15.0,144.3,50.0,32.0,23.3,2024-06-12T09:00:00,2024-06-12T04:00:00,1718164800
274,Gujrāt,PK,32.57284,74.07897,4,Asia/Karachi,103,138.1,2024-06-12:05,9.0,170.7,44.0,27.0,22.7,2024-06-12T10:00:00,2024-06-12T05:00:00,1718168400
275,Gujrāt,PK,32.57284,74.07897,4,Asia/Karachi,111,100.4,2024-06-12:06,3.0,197.0,38.0,22.0,22.0,2024-06-12T11:00:00,2024-06-12T06:00:00,1718172000
276,Gujrāt,PK,32.57284,74.07897,4,Asia/Karachi,109,92.8,2024-06-12:07,2.3,189.3,38.3,20.33,20.0,2024-06-12T12:00:00,2024-06-12T07:00:00,1718175600
277,Gujrāt,PK,32.57284,74.07897,4,Asia/Karachi,106,85.2,2024-06-12:08,1.7000000000000002,181.7,38.7,18.67,18.0,2024-06-12T13:00:00,2024-06-12T08:00:00,1718179200
278,Gujrāt,PK,32.57284,74.07897,4,Asia/Karachi,104,77.6,2024-06-12:09,1.0,174.0,39.0,17.0,16.0,2024-06-12T14:00:00,2024-06-12T09:00:00,1718182800
279,Gujrāt,PK,32.57284,74.07897,4,Asia/Karachi,103,77.0,2024-06-12:10,1.7000000000000002,168.7,38.0,17.0,14.3,2024-06-12T15:00:00,2024-06-12T10:00:00,1718186400
280,Gujrāt,PK,32.57284,74.07897,4,Asia/Karachi,101,76.5,2024-06-12:11,2.3,163.3,37.0,17.0,12.7,2024-06-12T16:00:00,2024-06-12T11:00:00,1718190000
281,Gujrāt,PK,32.57284,74.07897,4,Asia/Karachi,98,75.9,2024-06-12:12,3.0,158.0,36.0,17.0,11.0,2024-06-12T17:00:00,2024-06-12T12:00:00,1718193600
282,Gujrāt,PK,32.57284,74.07897,4,Asia/Karachi,68,108.0,2024-06-12:13,11.0,134.0,39.0,19.67,14.3,2024-06-12T18:00:00,2024-06-12T13:00:00,1718197200
283,Gujrāt,PK,32.57284,74.07897,4,Asia/Karachi,72,140.1,2024-06-12:14,19.0,110.0,42.0,22.33,17.7,2024-06-12T19:00:00,2024-06-12T14:00:00,1718200800
284,Gujrāt,PK,32.57284,74.07897,4,Asia/Karachi,78,172.2,2024-06-12:15,27.0,86.0,45.0,25.0,21.0,2024-06-12T20:00:00,2024-06-12T15:00:00,1718204400
285,Gujrāt,PK,32.57284,74.07897,4,Asia/Karachi,84,197.1,2024-06-12:16,31.7,73.0,50.7,27.67,23.7,2024-06-12T21:00:00,2024-06-12T16:00:00,1718208000
286,Gujrāt,PK,32.57284,74.07897,4,Asia/Karachi,90,222.0,2024-06-12:17,36.3,60.0,56.3,30.33,26.3,2024-06-12T22:00:00,2024-06-12T17:00:00,1718211600
287,Gujrāt,PK,32.57284,74.07897,4,Asia/Karachi,95,246.9,2024-06-12:18,41.0,47.0,62.0,33.0,29.0,2024-06-12T23:00:00,2024-06-12T18:00:00,1718215200
288,Gujrāt,PK,32.57284,74.07897,4,Asia/Karachi,95,240.1,2024-06-12:19,41.3,40.3,58.3,32.67,26.0,2024-06-13T00:00:00,2024-06-12T19:00:00,1718218800
289,Gujrāt,PK,32.57284,74.07897,4,Asia/Karachi,94,233.2,2024-06-12:20,41.7,33.7,54.7,32.33,23.0,2024-06-13T01:00:00,2024-06-12T20:00:00,1718222400
290,Gujrāt,PK,32.57284,74.07897,4,Asia/Karachi,93,226.4,2024-06-12:21,42.0,27.0,51.0,32.0,20.0,2024-06-13T02:00:00,2024-06-12T21:00:00,1718226000
291,Gujrāt,PK,32.57284,74.07897,4,Asia/Karachi,90,203.9,2024-06-12:22,38.7,24.3,47.7,30.33,17.3,2024-06-13T03:00:00,2024-06-12T22:00:00,1718229600
292,Gujrāt,PK,32.57284,74.07897,4,Asia/Karachi,86,181.3,2024-06-12:23,35.3,21.7,44.3,28.67,14.7,2024-06-13T04:00:00,2024-06-12T23:00:00,1718233200
293,Gujrāt,PK,32.57284,74.07897,4,Asia/Karachi,82,158.7,2024-06-13:00,32.0,19.0,41.0,27.0,12.0,2024-06-13T05:00:00,2024-06-13T00:00:00,1718236800
294,Gujrāt,PK,32.57284,74.07897,4,Asia/Karachi,84,155.8,2024-06-13:01,26.7,46.3,42.0,27.67,14.3,2024-06-13T06:00:00,2024-06-13T01:00:00,1718240400
295,Gujrāt,PK,32.57284,74.07897,4,Asia/Karachi,85,152.9,2024-06-13:02,21.3,73.7,43.0,28.33,16.7,2024-06-13T07:00:00,2024-06-13T02:00:00,1718244000
296,Gujrāt,PK,32.57284,74.07897,4,Asia/Karachi,87,150.0,2024-06-13:03,16.0,101.0,44.0,29.0,19.0,2024-06-13T08:00:00,2024-06-13T03:00:00,1718247600
297,Gujrāt,PK,32.57284,74.07897,4,Asia/Karachi,87,127.8,2024-06-13:04,11.7,127.7,49.0,29.0,17.7,2024-06-13T09:00:00,2024-06-13T04:00:00,1718251200
298,Gujrāt,PK,32.57284,74.07897,4,Asia/Karachi,93,105.6,2024-06-13:05,7.3,154.3,54.0,29.0,16.3,2024-06-13T10:00:00,2024-06-13T05:00:00,1718254800
299,Gujrāt,PK,32.57284,74.07897,4,Asia/Karachi,106,83.5,2024-06-13:06,3.0,181.0,59.0,29.0,15.0,2024-06-13T11:00:00,2024-06-13T06:00:00,1718258400
300,Gujrāt,PK,32.57284,74.07897,4,Asia/Karachi,106,81.9,2024-06-13:07,2.7,180.3,59.7,28.0,16.3,2024-06-13T12:00:00,2024-06-13T07:00:00,1718262000
301,Gujrāt,PK,32.57284,74.07897,4,Asia/Karachi,106,80.3,2024-06-13:08,2.3,179.7,60.3,27.0,17.7,2024-06-13T13:00:00,2024-06-13T08:00:00,1718265600
302,Gujrāt,PK,32.57284,74.07897,4,Asia/Karachi,106,78.8,2024-06-13:09,2.0,179.0,61.0,26.0,19.0,2024-06-13T14:00:00,2024-06-13T09:00:00,1718269200
303,Gujrāt,PK,32.57284,74.07897,4,Asia/Karachi,105,79.6,2024-06-13:10,2.3,176.0,63.0,26.0,17.3,2024-06-13T15:00:00,2024-06-13T10:00:00,1718272800
304,Gujrāt,PK,32.57284,74.07897,4,Asia/Karachi,104,80.3,2024-06-13:11,2.7,173.0,65.0,26.0,15.7,2024-06-13T16:00:00,2024-06-13T11:00:00,1718276400
305,Gujrāt,PK,32.57284,74.07897,4,Asia/Karachi,103,81.1,2024-06-13:12,3.0,170.0,67.0,26.0,14.0,2024-06-13T17:00:00,2024-06-13T12:00:00,1718280000
306,Gujrāt,PK,32.57284,74.07897,4,Asia/Karachi,83,122.9,2024-06-13:13,13.0,141.0,62.7,27.33,17.3,2024-06-13T18:00:00,2024-06-13T13:00:00,1718283600
307,Gujrāt,PK,32.57284,74.07897,4,Asia/Karachi,86,164.8,2024-06-13:14,23.0,112.0,58.3,28.67,20.7,2024-06-13T19:00:00,2024-06-13T14:00:00,1718287200
308,Gujrāt,PK,32.57284,74.07897,4,Asia/Karachi,89,206.6,2024-06-13:15,33.0,83.0,54.0,30.0,24.0,2024-06-13T20:00:00,2024-06-13T15:00:00,1718290800
309,Gujrāt,PK,32.57284,74.07897,4,Asia/Karachi,94,239.5,2024-06-13:16,39.0,65.7,58.0,32.33,26.0,2024-06-13T21:00:00,2024-06-13T16:00:00,1718294400
310,Gujrāt,PK,32.57284,74.07897,4,Asia/Karachi,99,272.3,2024-06-13:17,45.0,48.3,62.0,34.67,28.0,2024-06-13T22:00:00,2024-06-13T17:00:00,1718298000
311,Gujrāt,PK,32.57284,74.07897,4,Asia/Karachi,104,305.2,2024-06-13:18,51.0,31.0,66.0,37.0,30.0,2024-06-13T23:00:00,2024-06-13T18:00:00,1718301600
312,Gujrāt,PK,32.57284,74.07897,4,Asia/Karachi,104,284.6,2024-06-13:19,47.0,29.3,64.3,37.0,26.3,2024-06-14T00:00:00,2024-06-13T19:00:00,1718305200
313,Gujrāt,PK,32.57284,74.07897,4,Asia/Karachi,104,264.0,2024-06-13:20,43.0,27.7,62.7,37.0,22.7,2024-06-14T01:00:00,2024-06-13T20:00:00,1718308800
314,Gujrāt,PK,32.57284,74.07897,4,Asia/Karachi,104,243.4,2024-06-13:21,39.0,26.0,61.0,37.0,19.0,2024-06-14T02:00:00,2024-06-13T21:00:00,1718312400
315,Gujrāt,PK,32.57284,74.07897,4,Asia/Karachi,98,210.9,2024-06-13:22,36.0,25.0,55.3,34.0,16.7,2024-06-14T03:00:00,2024-06-13T22:00:00,1718316000
316,Gujrāt,PK,32.57284,74.07897,4,Asia/Karachi,91,178.4,2024-06-13:23,33.0,24.0,49.7,31.0,14.3,2024-06-14T04:00:00,2024-06-13T23:00:00,1718319600
317,Gujrāt,PK,32.57284,74.07897,4,Asia/Karachi,85,145.9,2024-06-14:00,30.0,23.0,44.0,28.0,12.0,2024-06-14T05:00:00,2024-06-14T00:00:00,1718323200
318,Gujrāt,PK,32.57284,74.07897,4,Asia/Karachi,87,148.0,2024-06-14:01,25.0,46.0,47.3,29.33,14.7,2024-06-14T06:00:00,2024-06-14T01:00:00,1718326800
319,Gujrāt,PK,32.57284,74.07897,4,Asia/Karachi,90,150.2,2024-06-14:02,20.0,69.0,50.7,30.67,17.3,2024-06-14T07:00:00,2024-06-14T02:00:00,1718330400
320,Gujrāt,PK,32.57284,74.07897,4,Asia/Karachi,93,152.3,2024-06-14:03,15.0,92.0,54.0,32.0,20.0,2024-06-14T08:00:00,2024-06-14T03:00:00,1718334000
321,Gujrāt,PK,32.57284,74.07897,4,Asia/Karachi,90,128.6,2024-06-14:04,10.7,116.7,53.0,30.67,17.0,2024-06-14T09:00:00,2024-06-14T04:00:00,1718337600
322,Gujrāt,PK,32.57284,74.07897,4,Asia/Karachi,87,104.9,2024-06-14:05,6.3,141.3,52.0,29.33,14.0,2024-06-14T10:00:00,2024-06-14T05:00:00,1718341200
323,Gujrāt,PK,32.57284,74.07897,4,Asia/Karachi,102,81.1,2024-06-14:06,2.0,166.0,51.0,28.0,11.0,2024-06-14T11:00:00,2024-06-14T06:00:00,1718344800
324,Gujrāt,PK,32.57284,74.07897,4,Asia/Karachi,101,78.8,2024-06-14:07,1.7000000000000002,163.7,49.0,26.0,11.7,2024-06-14T12:00:00,2024-06-14T07:00:00,1718348400
325,Gujrāt,PK,32.57284,74.07897,4,Asia/Karachi,100,76.5,2024-06-14:08,1.3,161.3,47.0,24.0,12.3,2024-06-14T13:00:00,2024-06-14T08:00:00,1718352000
326,Gujrāt,PK,32.57284,74.07897,4,Asia/Karachi,99,74.1,2024-06-14:09,1.0,159.0,45.0,22.0,13.0,2024-06-14T14:00:00,2024-06-14T09:00:00,1718355600
327,Gujrāt,PK,32.57284,74.07897,4,Asia/Karachi,90,71.6,2024-06-14:10,1.7000000000000002,152.3,44.3,20.33,12.7,2024-06-14T15:00:00,2024-06-14T10:00:00,1718359200
328,Gujrāt,PK,32.57284,74.07897,4,Asia/Karachi,82,69.1,2024-06-14:11,2.3,145.7,43.7,18.67,12.3,2024-06-14T16:00:00,2024-06-14T11:00:00,1718362800
329,Gujrāt,PK,32.57284,74.07897,4,Asia/Karachi,74,66.5,2024-06-14:12,3.0,139.0,43.0,17.0,12.0,2024-06-14T17:00:00,2024-06-14T12:00:00,1718366400
330,Gujrāt,PK,32.57284,74.07897,4,Asia/Karachi,65,94.0,2024-06-14:13,9.3,119.3,42.3,19.0,14.7,2024-06-14T18:00:00,2024-06-14T13:00:00,1718370000
331,Gujrāt,PK,32.57284,74.07897,4,Asia/Karachi,69,121.4,2024-06-14:14,15.7,99.7,41.7,21.0,17.3,2024-06-14T19:00:00,2024-06-14T14:00:00,1718373600
332,Gujrāt,PK,32.57284,74.07897,4,Asia/Karachi,74,148.8,2024-06-14:15,22.0,80.0,41.0,23.0,20.0,2024-06-14T20:00:00,2024-06-14T15:00:00,1718377200
333,Gujrāt,PK,32.57284,74.07897,4,Asia/Karachi,81,186.9,2024-06-14:16,30.0,63.0,47.3,26.33,22.0,2024-06-14T21:00:00,2024-06-14T16:00:00,1718380800
334,Gujrāt,PK,32.57284,74.07897,4,Asia/Karachi,88,225.1,2024-06-14:17,38.0,46.0,53.7,29.67,24.0,2024-06-14T22:00:00,2024-06-14T17:00:00,1718384400
335,Gujrāt,PK,32.57284,74.07897,4,Asia/Karachi,95,263.2,2024-06-14:18,46.0,29.0,60.0,33.0,26.0,2024-06-14T23:00:00,2024-06-14T18:00:00,1718388000
336,Gujrāt,PK,32.57284,74.07897,4,Asia/Karachi,99,253.7,2024-06-14:19,46.7,25.0,60.7,34.67,23.7,2024-06-15T00:00:00,2024-06-14T19:00:00,1718391600
337,Gujrāt,PK,32.57284,74.07897,4,Asia/Karachi,103,244.1,2024-06-14:20,47.3,21.0,61.3,36.33,21.3,2024-06-15T01:00:00,2024-06-14T20:00:00,1718395200
338,Gujrāt,PK,32.57284,74.07897,4,Asia/Karachi,107,234.6,2024-06-14:21,48.0,17.0,62.0,38.0,19.0,2024-06-15T02:00:00,2024-06-14T21:00:00,1718398800
339,Gujrāt,PK,32.57284,74.07897,4,Asia/Karachi,103,217.7,2024-06-14:22,46.3,15.3,58.3,36.33,17.7,2024-06-15T03:00:00,2024-06-14T22:00:00,1718402400
340,Gujrāt,PK,32.57284,74.07897,4,Asia/Karachi,99,200.8,2024-06-14:23,44.7,13.7,54.7,34.67,16.3,2024-06-15T04:00:00,2024-06-14T23:00:00,1718406000
341,Gujrāt,PK,32.57284,74.07897,4,Asia/Karachi,95,183.8,2024-06-15:00,43.0,12.0,51.0,33.0,15.0,2024-06-15T05:00:00,2024-06-15T00:00:00,1718409600
342,Gujrāt,PK,32.57284,74.07897,4,Asia/Karachi,95,172.9,2024-06-15:01,33.7,42.0,53.3,32.67,17.0,2024-06-15T06:00:00,2024-06-15T01:00:00,1718413200
343,Gujrāt,PK,32.57284,74.07897,4,Asia/Karachi,94,162.0,2024-06-15:02,24.3,72.0,55.7,32.33,19.0,2024-06-15T07:00:00,2024-06-15T02:00:00,1718416800
344,Gujrāt,PK,32.57284,74.07897,4,Asia/Karachi,93,151.2,2024-06-15:03,15.0,102.0,58.0,32.0,21.0,2024-06-15T08:00:00,2024-06-15T03:00:00,1718420400
345,Gujrāt,PK,32.57284,74.07897,4,Asia/Karachi,92,129.0,2024-06-15:04,10.7,122.3,61.3,31.33,22.0,2024-06-15T09:00:00,2024-06-15T04:00:00,1718424000
346,Gujrāt,PK,32.57284,74.07897,4,Asia/Karachi,90,106.8,2024-06-15:05,6.3,142.7,64.7,30.67,23.0,2024-06-15T10:00:00,2024-06-15T05:00:00,1718427600
347,Gujrāt,PK,32.57284,74.07897,4,Asia/Karachi,101,84.6,2024-06-15:06,2.0,163.0,68.0,30.0,24.0,2024-06-15T11:00:00,2024-06-15T06:00:00,1718431200
348,Gujrāt,PK,32.57284,74.07897,4,Asia/Karachi,100,81.1,2024-06-15:07,2.0,161.0,64.3,28.0,23.3,2024-06-15T12:00:00,2024-06-15T07:00:00,1718434800
349,Gujrāt,PK,32.57284,74.07897,4,Asia/Karachi,99,77.6,2024-06-15:08,2.0,159.0,60.7,26.0,22.7,2024-06-15T13:00:00,2024-06-15T08:00:00,1718438400
350,Gujrāt,PK,32.57284,74.07897,4,Asia/Karachi,96,74.1,2024-06-15:09,2.0,157.0,57.0,24.0,22.0,2024-06-15T14:00:00,2024-06-15T09:00:00,1718442000
351,Gujrāt,PK,32.57284,74.07897,4,Asia/Karachi,90,72.6,2024-06-15:10,2.0,151.7,50.0,21.33,18.7,2024-06-15T15:00:00,2024-06-15T10:00:00,1718445600
352,Gujrāt,PK,32.57284,74.07897,4,Asia/Karachi,83,71.0,2024-06-15:11,2.0,146.3,43.0,18.67,15.3,2024-06-15T16:00:00,2024-06-15T11:00:00,1718449200
353,Gujrāt,PK,32.57284,74.07897,4,Asia/Karachi,76,69.4,2024-06-15:12,2.0,141.0,36.0,16.0,12.0,2024-06-15T17:00:00,2024-06-15T12:00:00,1718452800
354,Gujrāt,PK,32.57284,74.07897,4,Asia/Karachi,62,94.9,2024-06-15:13,8.7,122.7,36.0,17.67,15.3,2024-06-15T18:00:00,2024-06-15T13:00:00,1718456400
355,Gujrāt,PK,32.57284,74.07897,4,Asia/Karachi,66,120.4,2024-06-15:14,15.3,104.3,36.0,19.33,18.7,2024-06-15T19:00:00,2024-06-15T14:00:00,1718460000
356,Gujrāt,PK,32.57284,74.07897,4,Asia/Karachi,69,145.9,2024-06-15:15,22.0,86.0,36.0,21.0,22.0,2024-06-15T20:00:00,2024-06-15T15:00:00,1718463600
357,Gujrāt,PK,32.57284,74.07897,4,Asia/Karachi,72,140.1,2024-06-15:16,20.3,84.0,38.0,22.33,23.0,2024-06-15T21:00:00,2024-06-15T16:00:00,1718467200
358,Gujrāt,PK,32.57284,74.07897,4,Asia/Karachi,75,134.2,2024-06-15:17,18.7,82.0,40.0,23.67,24.0,2024-06-15T22:00:00,2024-06-15T17:00:00,1718470800
359,Gujrāt,PK,32.57284,74.07897,4,Asia/Karachi,78,128.4,2024-06-15:18,17.0,80.0,42.0,25.0,25.0,2024-06-15T23:00:00,2024-06-15T18:00:00,1718474400
360,Gujrāt,PK,32.57284,74.07897,4,Asia/Karachi,79,132.7,2024-06-15:19,20.0,69.3,43.3,25.33,24.0,2024-06-16T00:00:00,2024-06-15T19:00:00,1718478000
361,Gujrāt,PK,32.57284,74.07897,4,Asia/Karachi,80,137.0,2024-06-15:20,23.0,58.7,44.7,25.67,23.0,2024-06-16T01:00:00,2024-06-15T20:00:00,1718481600
362,Gujrāt,PK,32.57284,74.07897,4,Asia/Karachi,80,141.2,2024-06-15:21,26.0,48.0,46.0,26.0,22.0,2024-06-16T02:00:00,2024-06-15T21:00:00,1718485200
363,Gujrāt,PK,32.57284,74.07897,4,Asia/Karachi,81,162.2,2024-06-15:22,32.3,37.3,47.7,26.33,22.0,2024-06-16T03:00:00,2024-06-15T22:00:00,1718488800
364,Gujrāt,PK,32.57284,74.07897,4,Asia/Karachi,82,183.3,2024-06-15:23,38.7,26.7,49.3,26.67,22.0,2024-06-16T04:00:00,2024-06-15T23:00:00,1718492400
365,Gujrāt,PK,32.57284,74.07897,4,Asia/Karachi,82,204.3,2024-06-16:00,45.0,16.0,51.0,27.0,22.0,2024-06-16T05:00:00,2024-06-16T00:00:00,1718496000
366,Gujrāt,PK,32.57284,74.07897,4,Asia/Karachi,82,196.9,2024-06-16:01,36.7,43.0,51.0,27.0,26.7,2024-06-16T06:00:00,2024-06-16T01:00:00,1718499600
367,Gujrāt,PK,32.57284,74.07897,4,Asia/Karachi,82,189.5,2024-06-16:02,28.3,70.0,51.0,27.0,31.3,2024-06-16T07:00:00,2024-06-16T02:00:00,1718503200
368,Gujrāt,PK,32.57284,74.07897,4,Asia/Karachi,82,182.1,2024-06-16:03,20.0,97.0,51.0,27.0,36.0,2024-06-16T08:00:00,2024-06-16T03:00:00,1718506800
369,Gujrāt,PK,32.57284,74.07897,4,Asia/Karachi,82,156.6,2024-06-16:04,14.3,121.7,52.3,27.0,34.0,2024-06-16T09:00:00,2024-06-16T04:00:00,1718510400
370,Gujrāt,PK,32.57284,74.07897,4,Asia/Karachi,83,131.1,2024-06-16:05,8.7,146.3,53.7,27.0,32.0,2024-06-16T10:00:00,2024-06-16T05:00:00,1718514000
371,Gujrāt,PK,32.57284,74.07897,4,Asia/Karachi,103,105.6,2024-06-16:06,3.0,171.0,55.0,27.0,30.0,2024-06-16T11:00:00,2024-06-16T06:00:00,1718517600
372,Gujrāt,PK,32.57284,74.07897,4,Asia/Karachi,102,98.0,2024-06-16:07,2.3,166.7,50.3,24.67,26.0,2024-06-16T12:00:00,2024-06-16T07:00:00,1718521200
373,Gujrāt,PK,32.57284,74.07897,4,Asia/Karachi,101,90.5,2024-06-16:08,1.7000000000000002,162.3,45.7,22.33,22.0,2024-06-16T13:00:00,2024-06-16T08:00:00,1718524800
374,Gujrāt,PK,32.57284,74.07897,4,Asia/Karachi,98,82.9,2024-06-16:09,1.0,158.0,41.0,20.0,18.0,2024-06-16T14:00:00,2024-06-16T09:00:00,1718528400
375,Gujrāt,PK,32.57284,74.07897,4,Asia/Karachi,91,81.3,2024-06-16:10,1.7000000000000002,152.7,39.0,19.33,16.0,2024-06-16T15:00:00,2024-06-16T10:00:00,1718532000
376,Gujrāt,PK,32.57284,74.07897,4,Asia/Karachi,84,79.8,2024-06-16:11,2.3,147.3,37.0,18.67,14.0,2024-06-16T16:00:00,2024-06-16T11:00:00,1718535600
377,Gujrāt,PK,32.57284,74.07897,4,Asia/Karachi,78,78.2,2024-06-16:12,3.0,142.0,35.0,18.0,12.0,2024-06-16T17:00:00,2024-06-16T12:00:00,1718539200
378,Gujrāt,PK,32.57284,74.07897,4,Asia/Karachi,64,109.5,2024-06-16:13,10.7,124.7,34.3,18.67,15.7,2024-06-16T18:00:00,2024-06-16T13:00:00,1718542800
379,Gujrāt,PK,32.57284,74.07897,4,Asia/Karachi,66,140.8,2024-06-16:14,18.3,107.3,33.7,19.33,19.3,2024-06-16T19:00:00,2024-06-16T14:00:00,1718546400
380,Gujrāt,PK,32.57284,74.07897,4,Asia/Karachi,67,172.2,2024-06-16:15,26.0,90.0,33.0,20.0,23.0,2024-06-16T20:00:00,2024-06-16T15:00:00,1718550000
381,Gujrāt,PK,32.57284,74.07897,4,Asia/Karachi,68,169.6,2024-06-16:16,25.7,81.3,34.0,20.33,23.3,2024-06-16T21:00:00,2024-06-16T16:00:00,1718553600
382,Gujrāt,PK,32.57284,74.07897,4,Asia/Karachi,69,167.1,2024-06-16:17,25.3,72.7,35.0,20.67,23.7,2024-06-16T22:00:00,2024-06-16T17:00:00,1718557200
383,Gujrāt,PK,32.57284,74.07897,4,Asia/Karachi,69,164.6,2024-06-16:18,25.0,64.0,36.0,21.0,24.0,2024-06-16T23:00:00,2024-06-16T18:00:00,1718560800
384,Gujrāt,PK,32.57284,74.07897,4,Asia/Karachi,72,174.9,2024-06-16:19,30.3,51.3,38.3,22.33,23.0,2024-06-17T00:00:00,2024-06-16T19:00:00,1718564400
385,Gujrāt,PK,32.57284,74.07897,4,Asia/Karachi,75,185.2,2024-06-16:20,35.7,38.7,40.7,23.67,22.0,2024-06-17T01:00:00,2024-06-16T20:00:00,1718568000
386,Gujrāt,PK,32.57284,74.07897,4,Asia/Karachi,78,195.5,2024-06-16:21,41.0,26.0,43.0,25.0,21.0,2024-06-17T02:00:00,2024-06-16T21:00:00,1718571600
387,Gujrāt,PK,32.57284,74.07897,4,Asia/Karachi,87,223.3,2024-06-16:22,44.0,20.0,48.0,29.33,20.3,2024-06-17T03:00:00,2024-06-16T22:00:00,1718575200
388,Gujrāt,PK,32.57284,74.07897,4,Asia/Karachi,97,251.1,2024-06-16:23,47.0,14.0,53.0,33.67,19.7,2024-06-17T04:00:00,2024-06-16T23:00:00,1718578800
389,Gujrāt,PK,32.57284,74.07897,4,Asia/Karachi,107,279.0,2024-06-17:00,50.0,8.0,58.0,38.0,19.0,2024-06-17T05:00:00,2024-06-17T00:00:00,1718582400
390,Gujrāt,PK,32.57284,74.07897,4,Asia/Karachi,108,259.3,2024-06-17:01,39.7,48.0,60.7,38.33,22.3,2024-06-17T06:00:00,2024-06-17T01:00:00,1718586000
391,Gujrāt,PK,32.57284,74.07897,4,Asia/Karachi,109,239.7,2024-06-17:02,29.3,88.0,63.3,38.67,25.7,2024-06-17T07:00:00,2024-06-17T02:00:00,1718589600
392,Gujrāt,PK,32.57284,74.07897,4,Asia/Karachi,110,220.0,2024-06-17:03,19.0,128.0,66.0,39.0,29.0,2024-06-17T08:00:00,2024-06-17T03:00:00,1718593200
393,Gujrāt,PK,32.57284,74.07897,4,Asia/Karachi,103,179.4,2024-06-17:04,13.7,142.7,69.7,36.67,29.7,2024-06-17T09:00:00,2024-06-17T04:00:00,1718596800
394,Gujrāt,PK,32.57284,74.07897,4,Asia/Karachi,98,138.7,2024-06-17:05,8.3,157.3,73.3,34.33,30.3,2024-06-17T10:00:00,2024-06-17T05:00:00,1718600400
395,Gujrāt,PK,32.57284,74.07897,4,Asia/Karachi,104,98.0,2024-06-17:06,3.0,172.0,77.0,32.0,31.0,2024-06-17T11:00:00,2024-06-17T06:00:00,1718604000
396,Gujrāt,PK,32.57284,74.07897,4,Asia/Karachi,101,90.1,2024-06-17:07,2.3,164.7,69.0,28.67,27.7,2024-06-17T12:00:00,2024-06-17T07:00:00,1718607600
397,Gujrāt,PK,32.57284,74.07897,4,Asia/Karachi,97,82.1,2024-06-17:08,1.7000000000000002,157.3,61.0,25.33,24.3,2024-06-17T13:00:00,2024-06-17T08:00:00,1718611200
398,Gujrāt,PK,32.57284,74.07897,4,Asia/Karachi,88,74.1,2024-06-17:09,1.0,150.0,53.0,22.0,21.0,2024-06-17T14:00:00,2024-06-17T09:00:00,1718614800
399,Gujrāt,PK,32.57284,74.07897,4,Asia/Karachi,81,74.1,2024-06-17:10,1.7000000000000002,145.0,52.7,22.33,18.7,2024-06-17T15:00:00,2024-06-17T10:00:00,1718618400
400,Gujrāt,PK,32.57284,74.07897,4,Asia/Karachi,75,74.1,2024-06-17:11,2.3,140.0,52.3,22.67,16.3,2024-06-17T16:00:00,2024-06-17T11:00:00,1718622000
401,Gujrāt,PK,32.57284,74.07897,4,Asia/Karachi,74,74.1,2024-06-17:12,3.0,135.0,52.0,23.0,14.0,2024-06-17T17:00:00,2024-06-17T12:00:00,1718625600
402,Gujrāt,PK,32.57284,74.07897,4,Asia/Karachi,75,87.5,2024-06-17:13,6.7,121.0,49.7,23.67,15.3,2024-06-17T18:00:00,2024-06-17T13:00:00,1718629200
403,Gujrāt,PK,32.57284,74.07897,4,Asia/Karachi,77,101.0,2024-06-17:14,10.3,107.0,47.3,24.33,16.7,2024-06-17T19:00:00,2024-06-17T14:00:00,1718632800
404,Gujrāt,PK,32.57284,74.07897,4,Asia/Karachi,78,114.4,2024-06-17:15,14.0,93.0,45.0,25.0,18.0,2024-06-17T20:00:00,2024-06-17T15:00:00,1718636400
405,Gujrāt,PK,32.57284,74.07897,4,Asia/Karachi,82,144.9,2024-06-17:16,20.7,76.3,49.0,27.0,20.0,2024-06-17T21:00:00,2024-06-17T16:00:00,1718640000
406,Gujrāt,PK,32.57284,74.07897,4,Asia/Karachi,87,175.5,2024-06-17:17,27.3,59.7,53.0,29.0,22.0,2024-06-17T22:00:00,2024-06-17T17:00:00,1718643600
407,Gujrāt,PK,32.57284,74.07897,4,Asia/Karachi,91,206.0,2024-06-17:18,34.0,43.0,57.0,31.0,24.0,2024-06-17T23:00:00,2024-06-17T18:00:00,1718647200
408,Gujrāt,PK,32.57284,74.07897,4,Asia/Karachi,92,193.9,2024-06-17:19,32.3,40.3,56.0,31.67,21.3,2024-06-18T00:00:00,2024-06-17T19:00:00,1718650800
409,Gujrāt,PK,32.57284,74.07897,4,Asia/Karachi,94,181.9,2024-06-17:20,30.7,37.7,55.0,32.33,18.7,2024-06-18T01:00:00,2024-06-17T20:00:00,1718654400
410,Gujrāt,PK,32.57284,74.07897,4,Asia/Karachi,95,169.8,2024-06-17:21,29.0,35.0,54.0,33.0,16.0,2024-06-18T02:00:00,2024-06-17T21:00:00,1718658000
411,Gujrāt,PK,32.57284,74.07897,4,Asia/Karachi,96,179.0,2024-06-17:22,31.7,26.7,54.3,33.33,15.3,2024-06-18T03:00:00,2024-06-17T22:00:00,1718661600
412,Gujrāt,PK,32.57284,74.07897,4,Asia/Karachi,97,188.1,2024-06-17:23,34.3,18.3,54.7,33.67,14.7,2024-06-18T04:00:00,2024-06-17T23:00:00,1718665200
413,Gujrāt,PK,32.57284,74.07897,4,Asia/Karachi,98,197.3,2024-06-18:00,37.0,10.0,55.0,34.0,14.0,2024-06-18T05:00:00,2024-06-18T00:00:00,1718668800
414,Gujrāt,PK,32.57284,74.07897,4,Asia/Karachi,100,193.0,2024-06-18:01,30.7,40.7,58.7,35.0,17.3,2024-06-18T06:00:00,2024-06-18T01:00:00,1718672400
415,Gujrāt,PK,32.57284,74.07897,4,Asia/Karachi,102,188.7,2024-06-18:02,24.3,71.3,62.3,36.0,20.7,2024-06-18T07:00:00,2024-06-18T02:00:00,1718676000
416,Gujrāt,PK,32.57284,74.07897,4,Asia/Karachi,104,184.4,2024-06-18:03,18.0,102.0,66.0,37.0,24.0,2024-06-18T08:00:00,2024-06-18T03:00:00,1718679600
417,Gujrāt,PK,32.57284,74.07897,4,Asia/Karachi,99,151.7,2024-06-18:04,12.7,120.3,68.7,34.67,24.3,2024-06-18T09:00:00,2024-06-18T04:00:00,1718683200
418,Gujrāt,PK,32.57284,74.07897,4,Asia/Karachi,94,119.1,2024-06-18:05,7.3,138.7,71.3,32.33,24.7,2024-06-18T10:00:00,2024-06-18T05:00:00,1718686800
419,Gujrāt,PK,32.57284,74.07897,4,Asia/Karachi,96,86.4,2024-06-18:06,2.0,157.0,74.0,30.0,25.0,2024-06-18T11:00:00,2024-06-18T06:00:00,1718690400
420,Gujrāt,PK,32.57284,74.07897,4,Asia/Karachi,95,82.9,2024-06-18:07,2.0,155.7,72.0,29.67,23.0,2024-06-18T12:00:00,2024-06-18T07:00:00,1718694000
421,Gujrāt,PK,32.57284,74.07897,4,Asia/Karachi,93,79.4,2024-06-18:08,2.0,154.3,70.0,29.33,21.0,2024-06-18T13:00:00,2024-06-18T08:00:00,1718697600
422,Gujrāt,PK,32.57284,74.07897,4,Asia/Karachi,91,75.9,2024-06-18:09,2.0,153.0,68.0,29.0,19.0,2024-06-18T14:00:00,2024-06-18T09:00:00,1718701200
423,Gujrāt,PK,32.57284,74.07897,4,Asia/Karachi,90,76.8,2024-06-18:10,2.3,151.7,64.7,28.0,19.0,2024-06-18T15:00:00,2024-06-18T10:00:00,1718704800
424,Gujrāt,PK,32.57284,74.07897,4,Asia/Karachi,88,77.8,2024-06-18:11,2.7,150.3,61.3,27.0,19.0,2024-06-18T16:00:00,2024-06-18T11:00:00,1718708400
425,Gujrāt,PK,32.57284,74.07897,4,Asia/Karachi,86,78.8,2024-06-18:12,3.0,149.0,58.0,26.0,19.0,2024-06-18T17:00:00,2024-06-18T12:00:00,1718712000
426,Gujrāt,PK,32.57284,74.07897,4,Asia/Karachi,81,89.7,2024-06-18:13,6.0,134.7,55.7,26.33,21.7,2024-06-18T18:00:00,2024-06-18T13:00:00,1718715600
427,Gujrāt,PK,32.57284,74.07897,4,Asia/Karachi,82,100.6,2024-06-18:14,9.0,120.3,53.3,26.67,24.3,2024-06-18T19:00:00,2024-06-18T14:00:00,1718719200
428,Gujrāt,PK,32.57284,74.07897,4,Asia/Karachi,82,111.5,2024-06-18:15,12.0,106.0,51.0,27.0,27.0,2024-06-18T20:00:00,2024-06-18T15:00:00,1718722800
429,Gujrāt,PK,32.57284,74.07897,4,Asia/Karachi,84,113.6,2024-06-18:16,12.3,101.0,50.7,27.67,26.7,2024-06-18T21:00:00,2024-06-18T16:00:00,1718726400
430,Gujrāt,PK,32.57284,74.07897,4,Asia/Karachi,85,115.7,2024-06-18:17,12.7,96.0,50.3,28.33,26.3,2024-06-18T22:00:00,2024-06-18T17:00:00,1718730000
431,Gujrāt,PK,32.57284,74.07897,4,Asia/Karachi,87,117.9,2024-06-18:18,13.0,91.0,50.0,29.0,26.0,2024-06-18T23:00:00,2024-06-18T18:00:00,1718733600
432,Gujrāt,PK,32.57284,74.07897,4,Asia/Karachi,89,127.0,2024-06-18:19,18.0,78.3,51.0,30.0,25.0,2024-06-19T00:00:00,2024-06-18T19:00:00,1718737200
433,Gujrāt,PK,32.57284,74.07897,4,Asia/Karachi,91,136.2,2024-06-18:20,23.0,65.7,52.0,31.0,24.0,2024-06-19T01:00:00,2024-06-18T20:00:00,1718740800
434,Gujrāt,PK,32.57284,74.07897,4,Asia/Karachi,93,145.3,2024-06-18:21,28.0,53.0,53.0,32.0,23.0,2024-06-19T02:00:00,2024-06-18T21:00:00,1718744400
435,Gujrāt,PK,32.57284,74.07897,4,Asia/Karachi,93,138.3,2024-06-18:22,23.3,61.3,54.3,32.0,23.0,2024-06-19T03:00:00,2024-06-18T22:00:00,1718748000
436,Gujrāt,PK,32.57284,74.07897,4,Asia/Karachi,93,131.3,2024-06-18:23,18.7,69.7,55.7,32.0,23.0,2024-06-19T04:00:00,2024-06-18T23:00:00,1718751600
437,Gujrāt,PK,32.57284,74.07897,4,Asia/Karachi,93,124.3,2024-06-19:00,14.0,78.0,57.0,32.0,23.0,2024-06-19T05:00:00,2024-06-19T00:00:00,1718755200
438,Gujrāt,PK,32.57284,74.07897,4,Asia/Karachi,95,118.1,2024-06-19:01,12.0,89.0,57.7,32.67,24.3,2024-06-19T06:00:00,2024-06-19T01:00:00,1718758800
439,Gujrāt,PK,32.57284,74.07897,4,Asia/Karachi,96,111.9,2024-06-19:02,10.0,100.0,58.3,33.33,25.7,2024-06-19T07:00:00,2024-06-19T02:00:00,1718762400
440,Gujrāt,PK,32.57284,74.07897,4,Asia/Karachi,98,105.6,2024-06-19:03,8.0,111.0,59.0,34.0,27.0,2024-06-19T08:00:00,2024-06-19T03:00:00,1718766000
441,Gujrāt,PK,32.57284,74.07897,4,Asia/Karachi,88,98.6,2024-06-19:04,6.0,124.3,56.3,29.67,24.3,2024-06-19T09:00:00,2024-06-19T04:00:00,1718769600
442,Gujrāt,PK,32.57284,74.07897,4,Asia/Karachi,79,91.6,2024-06-19:05,4.0,137.7,53.7,25.33,21.7,2024-06-19T10:00:00,2024-06-19T05:00:00,1718773200
443,Gujrāt,PK,32.57284,74.07897,4,Asia/Karachi,89,84.6,2024-06-19:06,2.0,151.0,51.0,21.0,19.0,2024-06-19T11:00:00,2024-06-19T06:00:00,1718776800
444,Gujrāt,PK,32.57284,74.07897,4,Asia/Karachi,83,78.6,2024-06-19:07,2.0,146.7,60.0,21.67,17.3,2024-06-19T12:00:00,2024-06-19T07:00:00,1718780400
445,Gujrāt,PK,32.57284,74.07897,4,Asia/Karachi,78,72.6,2024-06-19:08,2.0,142.3,69.0,22.33,15.7,2024-06-19T13:00:00,2024-06-19T08:00:00,1718784000
446,Gujrāt,PK,32.57284,74.07897,4,Asia/Karachi,74,66.5,2024-06-19:09,2.0,138.0,78.0,23.0,14.0,2024-06-19T14:00:00,2024-06-19T09:00:00,1718787600
447,Gujrāt,PK,32.57284,74.07897,4,Asia/Karachi,73,68.1,2024-06-19:10,2.3,138.3,83.0,22.67,14.3,2024-06-19T15:00:00,2024-06-19T10:00:00,1718791200
448,Gujrāt,PK,32.57284,74.07897,4,Asia/Karachi,73,69.6,2024-06-19:11,2.7,138.7,88.0,22.33,14.7,2024-06-19T16:00:00,2024-06-19T11:00:00,1718794800
449,Gujrāt,PK,32.57284,74.07897,4,Asia/Karachi,74,71.2,2024-06-19:12,3.0,139.0,93.0,22.0,15.0,2024-06-19T17:00:00,2024-06-19T12:00:00,1718798400
450,Gujrāt,PK,32.57284,74.07897,4,Asia/Karachi,85,93.6,2024-06-19:13,8.3,123.7,97.3,28.0,17.0,2024-06-19T18:00:00,2024-06-19T13:00:00,1718802000
451,Gujrāt,PK,32.57284,74.07897,4,Asia/Karachi,98,115.9,2024-06-19:14,13.7,108.3,101.7,34.0,19.0,2024-06-19T19:00:00,2024-06-19T14:00:00,1718805600
452,Gujrāt,PK,32.57284,74.07897,4,Asia/Karachi,112,138.3,2024-06-19:15,19.0,93.0,106.0,40.0,21.0,2024-06-19T20:00:00,2024-06-19T15:00:00,1718809200
453,Gujrāt,PK,32.57284,74.07897,4,Asia/Karachi,129,157.0,2024-06-19:16,23.3,80.0,112.3,46.0,22.0,2024-06-19T21:00:00,2024-06-19T16:00:00,1718812800
454,Gujrāt,PK,32.57284,74.07897,4,Asia/Karachi,145,175.7,2024-06-19:17,27.7,67.0,118.7,52.0,23.0,2024-06-19T22:00:00,2024-06-19T17:00:00,1718816400
455,Gujrāt,PK,32.57284,74.07897,4,Asia/Karachi,153,194.3,2024-06-19:18,32.0,54.0,125.0,58.0,24.0,2024-06-19T23:00:00,2024-06-19T18:00:00,1718820000
456,Gujrāt,PK,32.57284,74.07897,4,Asia/Karachi,150,188.5,2024-06-19:19,31.7,48.7,111.7,54.0,21.3,2024-06-20T00:00:00,2024-06-19T19:00:00,1718823600
457,Gujrāt,PK,32.57284,74.07897,4,Asia/Karachi,139,182.7,2024-06-19:20,31.3,43.3,98.3,50.0,18.7,2024-06-20T01:00:00,2024-06-19T20:00:00,1718827200
458,Gujrāt,PK,32.57284,74.07897,4,Asia/Karachi,129,176.8,2024-06-19:21,31.0,38.0,85.0,46.0,16.0,2024-06-20T02:00:00,2024-06-19T21:00:00,1718830800
459,Gujrāt,PK,32.57284,74.07897,4,Asia/Karachi,114,171.8,2024-06-19:22,30.7,33.7,71.3,40.67,16.3,2024-06-20T03:00:00,2024-06-19T22:00:00,1718834400
460,Gujrāt,PK,32.57284,74.07897,4,Asia/Karachi,100,166.7,2024-06-19:23,30.3,29.3,57.7,35.33,16.7,2024-06-20T04:00:00,2024-06-19T23:00:00,1718838000
461,Gujrāt,PK,32.57284,74.07897,4,Asia/Karachi,89,161.7,2024-06-20:00,30.0,25.0,44.0,30.0,17.0,2024-06-20T05:00:00,2024-06-20T00:00:00,1718841600
462,Gujrāt,PK,32.57284,74.07897,4,Asia/Karachi,93,156.8,2024-06-20:01,25.0,48.3,53.3,32.0,25.3,2024-06-20T06:00:00,2024-06-20T01:00:00,1718845200
463,Gujrāt,PK,32.57284,74.07897,4,Asia/Karachi,98,151.9,2024-06-20:02,20.0,71.7,62.7,34.0,33.7,2024-06-20T07:00:00,2024-06-20T02:00:00,1718848800
464,Gujrāt,PK,32.57284,74.07897,4,Asia/Karachi,102,147.1,2024-06-20:03,15.0,95.0,72.0,36.0,42.0,2024-06-20T08:00:00,2024-06-20T03:00:00,1718852400
465,Gujrāt,PK,32.57284,74.07897,4,Asia/Karachi,100,130.9,2024-06-20:04,11.0,122.3,66.0,35.0,38.0,2024-06-20T09:00:00,2024-06-20T04:00:00,1718856000
466,Gujrāt,PK,32.57284,74.07897,4,Asia/Karachi,98,114.8,2024-06-20:05,7.0,149.7,60.0,34.0,34.0,2024-06-20T10:00:00,2024-06-20T05:00:00,1718859600
467,Gujrāt,PK,32.57284,74.07897,4,Asia/Karachi,105,98.6,2024-06-20:06,3.0,177.0,54.0,33.0,30.0,2024-06-20T11:00:00,2024-06-20T06:00:00,1718863200
468,Gujrāt,PK,32.57284,74.07897,4,Asia/Karachi,106,95.7,2024-06-20:07,2.7,178.7,59.3,33.0,27.3,2024-06-20T12:00:00,2024-06-20T07:00:00,1718866800
469,Gujrāt,PK,32.57284,74.07897,4,Asia/Karachi,106,92.8,2024-06-20:08,2.3,180.3,64.7,33.0,24.7,2024-06-20T13:00:00,2024-06-20T08:00:00,1718870400
470,Gujrāt,PK,32.57284,74.07897,4,Asia/Karachi,107,89.9,2024-06-20:09,2.0,182.0,70.0,33.0,22.0,2024-06-20T14:00:00,2024-06-20T09:00:00,1718874000
471,Gujrāt,PK,32.57284,74.07897,4,Asia/Karachi,105,87.7,2024-06-20:10,2.3,175.7,71.0,32.33,20.0,2024-06-20T15:00:00,2024-06-20T10:00:00,1718877600
472,Gujrāt,PK,32.57284,74.07897,4,Asia/Karachi,103,85.6,2024-06-20:11,2.7,169.3,72.0,31.67,18.0,2024-06-20T16:00:00,2024-06-20T11:00:00,1718881200
473,Gujrāt,PK,32.57284,74.07897,4,Asia/Karachi,101,83.5,2024-06-20:12,3.0,163.0,73.0,31.0,16.0,2024-06-20T17:00:00,2024-06-20T12:00:00,1718884800
474,Gujrāt,PK,32.57284,74.07897,4,Asia/Karachi,100,128.0,2024-06-20:13,14.0,137.0,76.3,35.33,20.0,2024-06-20T18:00:00,2024-06-20T13:00:00,1718888400
475,Gujrāt,PK,32.57284,74.07897,4,Asia/Karachi,112,172.6,2024-06-20:14,25.0,111.0,79.7,39.67,24.0,2024-06-20T19:00:00,2024-06-20T14:00:00,1718892000
476,Gujrāt,PK,32.57284,74.07897,4,Asia/Karachi,123,217.1,2024-06-20:15,36.0,85.0,83.0,44.0,28.0,2024-06-20T20:00:00,2024-06-20T15:00:00,1718895600
477,Gujrāt,PK,32.57284,74.07897,4,Asia/Karachi,120,252.1,2024-06-20:16,43.0,67.3,79.3,42.67,31.0,2024-06-20T21:00:00,2024-06-20T16:00:00,1718899200
478,Gujrāt,PK,32.57284,74.07897,4,Asia/Karachi,116,287.1,2024-06-20:17,50.0,49.7,75.7,41.33,34.0,2024-06-20T22:00:00,2024-06-20T17:00:00,1718902800
479,Gujrāt,PK,32.57284,74.07897,4,Asia/Karachi,112,322.1,2024-06-20:18,57.0,32.0,72.0,40.0,37.0,2024-06-20T23:00:00,2024-06-20T18:00:00,1718906400
480,Gujrāt,PK,32.57284,74.07897,4,Asia/Karachi,112,325.5,2024-06-20:19,59.3,25.7,72.7,40.0,34.7,2024-06-21T00:00:00,2024-06-20T19:00:00,1718910000
481,Gujrāt,PK,32.57284,74.07897,4,Asia/Karachi,112,328.8,2024-06-20:20,61.7,19.3,73.3,40.0,32.3,2024-06-21T01:00:00,2024-06-20T20:00:00,1718913600
482,Gujrāt,PK,32.57284,74.07897,4,Asia/Karachi,112,332.1,2024-06-20:21,64.0,13.0,74.0,40.0,30.0,2024-06-21T02:00:00,2024-06-20T21:00:00,1718917200
483,Gujrāt,PK,32.57284,74.07897,4,Asia/Karachi,110,259.3,2024-06-20:22,46.7,32.3,74.0,39.0,28.7,2024-06-21T03:00:00,2024-06-20T22:00:00,1718920800
484,Gujrāt,PK,32.57284,74.07897,4,Asia/Karachi,107,186.6,2024-06-20:23,29.3,51.7,74.0,38.0,27.3,2024-06-21T04:00:00,2024-06-20T23:00:00,1718924400
485,Gujrāt,PK,32.57284,74.07897,4,Asia/Karachi,104,113.8,2024-06-21:00,12.0,71.0,74.0,37.0,26.0,2024-06-21T05:00:00,2024-06-21T00:00:00,1718928000
486,Gujrāt,PK,32.57284,74.07897,4,Asia/Karachi,111,116.1,2024-06-21:01,11.0,78.3,81.0,39.33,26.7,2024-06-21T06:00:00,2024-06-21T01:00:00,1718931600
487,Gujrāt,PK,32.57284,74.07897,4,Asia/Karachi,117,118.5,2024-06-21:02,10.0,85.7,88.0,41.67,27.3,2024-06-21T07:00:00,2024-06-21T02:00:00,1718935200
488,Gujrāt,PK,32.57284,74.07897,4,Asia/Karachi,123,120.8,2024-06-21:03,9.0,93.0,95.0,44.0,28.0,2024-06-21T08:00:00,2024-06-21T03:00:00,1718938800
489,Gujrāt,PK,32.57284,74.07897,4,Asia/Karachi,115,115.7,2024-06-21:04,7.0,111.3,88.0,41.0,29.0,2024-06-21T09:00:00,2024-06-21T04:00:00,1718942400
490,Gujrāt,PK,32.57284,74.07897,4,Asia/Karachi,107,110.7,2024-06-21:05,5.0,129.7,81.0,38.0,30.0,2024-06-21T10:00:00,2024-06-21T05:00:00,1718946000
491,Gujrāt,PK,32.57284,74.07897,4,Asia/Karachi,100,105.6,2024-06-21:06,3.0,148.0,74.0,35.0,31.0,2024-06-21T11:00:00,2024-06-21T06:00:00,1718949600
492,Gujrāt,PK,32.57284,74.07897,4,Asia/Karachi,101,101.7,2024-06-21:07,2.7,153.3,78.3,35.67,29.7,2024-06-21T12:00:00,2024-06-21T07:00:00,1718953200
493,Gujrāt,PK,32.57284,74.07897,4,Asia/Karachi,103,97.9,2024-06-21:08,2.3,158.7,82.7,36.33,28.3,2024-06-21T13:00:00,2024-06-21T08:00:00,1718956800
494,Gujrāt,PK,32.57284,74.07897,4,Asia/Karachi,104,94.0,2024-06-21:09,2.0,164.0,87.0,37.0,27.0,2024-06-21T14:00:00,2024-06-21T09:00:00,1718960400
495,Gujrāt,PK,32.57284,74.07897,4,Asia/Karachi,113,91.6,2024-06-21:10,2.3,164.0,87.7,40.33,22.3,2024-06-21T15:00:00,2024-06-21T10:00:00,1718964000
496,Gujrāt,PK,32.57284,74.07897,4,Asia/Karachi,122,89.3,2024-06-21:11,2.7,164.0,88.3,43.67,17.7,2024-06-21T16:00:00,2024-06-21T11:00:00,1718967600
497,Gujrāt,PK,32.57284,74.07897,4,Asia/Karachi,131,87.0,2024-06-21:12,3.0,164.0,89.0,47.0,13.0,2024-06-21T17:00:00,2024-06-21T12:00:00,1718971200
498,Gujrāt,PK,32.57284,74.07897,4,Asia/Karachi,137,122.6,2024-06-21:13,12.0,142.0,90.0,49.0,16.3,2024-06-21T18:00:00,2024-06-21T13:00:00,1718974800
499,Gujrāt,PK,32.57284,74.07897,4,Asia/Karachi,142,158.2,2024-06-21:14,21.0,120.0,91.0,51.0,19.7,2024-06-21T19:00:00,2024-06-21T14:00:00,1718978400
500,Gujrāt,PK,32.57284,74.07897,4,Asia/Karachi,148,193.8,2024-06-21:15,30.0,98.0,92.0,53.0,23.0,2024-06-21T20:00:00,2024-06-21T15:00:00,1718982000
501,Gujrāt,PK,32.57284,74.07897,4,Asia/Karachi,144,193.0,2024-06-21:16,28.3,91.0,88.3,51.67,23.3,2024-06-21T21:00:00,2024-06-21T16:00:00,1718985600
502,Gujrāt,PK,32.57284,74.07897,4,Asia/Karachi,140,192.2,2024-06-21:17,26.7,84.0,84.7,50.33,23.7,2024-06-21T22:00:00,2024-06-21T17:00:00,1718989200
503,Gujrāt,PK,32.57284,74.07897,4,Asia/Karachi,137,191.4,2024-06-21:18,25.0,77.0,81.0,49.0,24.0,2024-06-21T23:00:00,2024-06-21T18:00:00,1718992800
504,Gujrāt,PK,32.57284,74.07897,4,Asia/Karachi,129,182.5,2024-06-21:19,24.0,73.0,77.7,46.0,23.0,2024-06-22T00:00:00,2024-06-21T19:00:00,1718996400
505,Gujrāt,PK,32.57284,74.07897,4,Asia/Karachi,121,173.5,2024-06-21:20,23.0,69.0,74.3,43.0,22.0,2024-06-22T01:00:00,2024-06-21T20:00:00,1719000000
506,Gujrāt,PK,32.57284,74.07897,4,Asia/Karachi,112,164.6,2024-06-21:21,22.0,65.0,71.0,40.0,21.0,2024-06-22T02:00:00,2024-06-21T21:00:00,1719003600
507,Gujrāt,PK,32.57284,74.07897,4,Asia/Karachi,116,191.8,2024-06-21:22,31.7,48.7,74.7,41.33,21.3,2024-06-22T03:00:00,2024-06-21T22:00:00,1719007200
508,Gujrāt,PK,32.57284,74.07897,4,Asia/Karachi,120,219.0,2024-06-21:23,41.3,32.3,78.3,42.67,21.7,2024-06-22T04:00:00,2024-06-21T23:00:00,1719010800
509,Gujrāt,PK,32.57284,74.07897,4,Asia/Karachi,123,246.3,2024-06-22:00,51.0,16.0,82.0,44.0,22.0,2024-06-22T05:00:00,2024-06-22T00:00:00,1719014400
510,Gujrāt,PK,32.57284,74.07897,4,Asia/Karachi,123,211.1,2024-06-22:01,38.0,51.3,81.7,44.0,23.0,2024-06-22T06:00:00,2024-06-22T01:00:00,1719018000
511,Gujrāt,PK,32.57284,74.07897,4,Asia/Karachi,123,175.9,2024-06-22:02,25.0,86.7,81.3,44.0,24.0,2024-06-22T07:00:00,2024-06-22T02:00:00,1719021600
512,Gujrāt,PK,32.57284,74.07897,4,Asia/Karachi,123,140.6,2024-06-22:03,12.0,122.0,81.0,44.0,25.0,2024-06-22T08:00:00,2024-06-22T03:00:00,1719025200
513,Gujrāt,PK,32.57284,74.07897,4,Asia/Karachi,118,119.4,2024-06-22:04,8.7,137.3,78.0,42.0,20.7,2024-06-22T09:00:00,2024-06-22T04:00:00,1719028800
514,Gujrāt,PK,32.57284,74.07897,4,Asia/Karachi,112,98.2,2024-06-22:05,5.3,152.7,75.0,40.0,16.3,2024-06-22T10:00:00,2024-06-22T05:00:00,1719032400
515,Gujrāt,PK,32.57284,74.07897,4,Asia/Karachi,107,77.0,2024-06-22:06,2.0,168.0,72.0,38.0,12.0,2024-06-22T11:00:00,2024-06-22T06:00:00,1719036000
516,Gujrāt,PK,32.57284,74.07897,4,Asia/Karachi,102,74.9,2024-06-22:07,2.0,165.7,68.0,35.33,11.0,2024-06-22T12:00:00,2024-06-22T07:00:00,1719039600
517,Gujrāt,PK,32.57284,74.07897,4,Asia/Karachi,101,72.8,2024-06-22:08,2.0,163.3,64.0,32.67,10.0,2024-06-22T13:00:00,2024-06-22T08:00:00,1719043200
518,Gujrāt,PK,32.57284,74.07897,4,Asia/Karachi,100,70.6,2024-06-22:09,2.0,161.0,60.0,30.0,9.0,2024-06-22T14:00:00,2024-06-22T09:00:00,1719046800
519,Gujrāt,PK,32.57284,74.07897,4,Asia/Karachi,101,72.9,2024-06-22:10,2.3,164.0,61.3,30.67,9.7,2024-06-22T15:00:00,2024-06-22T10:00:00,1719050400
520,Gujrāt,PK,32.57284,74.07897,4,Asia/Karachi,102,75.3,2024-06-22:11,2.7,167.0,62.7,31.33,10.3,2024-06-22T16:00:00,2024-06-22T11:00:00,1719054000
521,Gujrāt,PK,32.57284,74.07897,4,Asia/Karachi,103,77.6,2024-06-22:12,3.0,170.0,64.0,32.0,11.0,2024-06-22T17:00:00,2024-06-22T12:00:00,1719057600
522,Gujrāt,PK,32.57284,74.07897,4,Asia/Karachi,95,121.4,2024-06-22:13,14.0,146.7,62.3,33.0,16.0,2024-06-22T18:00:00,2024-06-22T13:00:00,1719061200
523,Gujrāt,PK,32.57284,74.07897,4,Asia/Karachi,98,165.2,2024-06-22:14,25.0,123.3,60.7,34.0,21.0,2024-06-22T19:00:00,2024-06-22T14:00:00,1719064800
524,Gujrāt,PK,32.57284,74.07897,4,Asia/Karachi,100,208.9,2024-06-22:15,36.0,100.0,59.0,35.0,26.0,2024-06-22T20:00:00,2024-06-22T15:00:00,1719068400
525,Gujrāt,PK,32.57284,74.07897,4,Asia/Karachi,99,256.2,2024-06-22:16,46.0,75.7,58.3,34.67,30.0,2024-06-22T21:00:00,2024-06-22T16:00:00,1719072000
526,Gujrāt,PK,32.57284,74.07897,4,Asia/Karachi,98,303.5,2024-06-22:17,56.0,51.3,57.7,34.33,34.0,2024-06-22T22:00:00,2024-06-22T17:00:00,1719075600
527,Gujrāt,PK,32.57284,74.07897,4,Asia/Karachi,98,350.7,2024-06-22:18,66.0,27.0,57.0,34.0,38.0,2024-06-22T23:00:00,2024-06-22T18:00:00,1719079200
528,Gujrāt,PK,32.57284,74.07897,4,Asia/Karachi,98,345.5,2024-06-22:19,66.0,21.7,57.3,34.33,34.7,2024-06-23T00:00:00,2024-06-22T19:00:00,1719082800
529,Gujrāt,PK,32.57284,74.07897,4,Asia/Karachi,99,340.2,2024-06-22:20,66.0,16.3,57.7,34.67,31.3,2024-06-23T01:00:00,2024-06-22T20:00:00,1719086400
530,Gujrāt,PK,32.57284,74.07897,4,Asia/Karachi,100,335.0,2024-06-22:21,66.0,11.0,58.0,35.0,28.0,2024-06-23T02:00:00,2024-06-22T21:00:00,1719090000
531,Gujrāt,PK,32.57284,74.07897,4,Asia/Karachi,113,300.7,2024-06-22:22,60.3,10.3,68.3,40.33,24.3,2024-06-23T03:00:00,2024-06-22T22:00:00,1719093600
532,Gujrāt,PK,32.57284,74.07897,4,Asia/Karachi,128,266.5,2024-06-22:23,54.7,9.7,78.7,45.67,20.7,2024-06-23T04:00:00,2024-06-22T23:00:00,1719097200
533,Gujrāt,PK,32.57284,74.07897,4,Asia/Karachi,142,232.3,2024-06-23:00,49.0,9.0,89.0,51.0,17.0,2024-06-23T05:00:00,2024-06-23T00:00:00,1719100800
534,Gujrāt,PK,32.57284,74.07897,4,Asia/Karachi,144,209.1,2024-06-23:01,38.0,41.3,92.0,51.67,18.7,2024-06-23T06:00:00,2024-06-23T01:00:00,1719104400
535,Gujrāt,PK,32.57284,74.07897,4,Asia/Karachi,146,186.0,2024-06-23:02,27.0,73.7,95.0,52.33,20.3,2024-06-23T07:00:00,2024-06-23T02:00:00,1719108000
536,Gujrāt,PK,32.57284,74.07897,4,Asia/Karachi,148,162.8,2024-06-23:03,16.0,106.0,98.0,53.0,22.0,2024-06-23T08:00:00,2024-06-23T03:00:00,1719111600
537,Gujrāt,PK,32.57284,74.07897,4,Asia/Karachi,134,143.0,2024-06-23:04,11.7,131.3,90.0,48.0,21.7,2024-06-23T09:00:00,2024-06-23T04:00:00,1719115200
538,Gujrāt,PK,32.57284,74.07897,4,Asia/Karachi,121,123.1,2024-06-23:05,7.3,156.7,82.0,43.0,21.3,2024-06-23T10:00:00,2024-06-23T05:00:00,1719118800
539,Gujrāt,PK,32.57284,74.07897,4,Asia/Karachi,107,103.3,2024-06-23:06,3.0,182.0,74.0,38.0,21.0,2024-06-23T11:00:00,2024-06-23T06:00:00,1719122400
540,Gujrāt,PK,32.57284,74.07897,4,Asia/Karachi,105,97.5,2024-06-23:07,2.7,177.3,69.0,35.0,18.0,2024-06-23T12:00:00,2024-06-23T07:00:00,1719126000
541,Gujrāt,PK,32.57284,74.07897,4,Asia/Karachi,104,91.6,2024-06-23:08,2.3,172.7,64.0,32.0,15.0,2024-06-23T13:00:00,2024-06-23T08:00:00,1719129600
542,Gujrāt,PK,32.57284,74.07897,4,Asia/Karachi,102,85.8,2024-06-23:09,2.0,168.0,59.0,29.0,12.0,2024-06-23T14:00:00,2024-06-23T09:00:00,1719133200
543,Gujrāt,PK,32.57284,74.07897,4,Asia/Karachi,101,85.2,2024-06-23:10,2.3,164.0,57.7,28.0,11.7,2024-06-23T15:00:00,2024-06-23T10:00:00,1719136800
544,Gujrāt,PK,32.57284,74.07897,4,Asia/Karachi,100,84.6,2024-06-23:11,2.7,160.0,56.3,27.0,11.3,2024-06-23T16:00:00,2024-06-23T11:00:00,1719140400
545,Gujrāt,PK,32.57284,74.07897,4,Asia/Karachi,95,84.0,2024-06-23:12,3.0,156.0,55.0,26.0,11.0,2024-06-23T17:00:00,2024-06-23T12:00:00,1719144000
546,Gujrāt,PK,32.57284,74.07897,4,Asia/Karachi,86,119.8,2024-06-23:13,12.0,130.7,56.0,28.67,14.0,2024-06-23T18:00:00,2024-06-23T13:00:00,1719147600
547,Gujrāt,PK,32.57284,74.07897,4,Asia/Karachi,92,155.6,2024-06-23:14,21.0,105.3,57.0,31.33,17.0,2024-06-23T19:00:00,2024-06-23T14:00:00,1719151200
548,Gujrāt,PK,32.57284,74.07897,4,Asia/Karachi,98,191.4,2024-06-23:15,30.0,80.0,58.0,34.0,20.0,2024-06-23T20:00:00,2024-06-23T15:00:00,1719154800
549,Gujrāt,PK,32.57284,74.07897,4,Asia/Karachi,98,233.6,2024-06-23:16,39.7,60.7,58.0,34.33,23.7,2024-06-23T21:00:00,2024-06-23T16:00:00,1719158400
550,Gujrāt,PK,32.57284,74.07897,4,Asia/Karachi,99,275.8,2024-06-23:17,49.3,41.3,58.0,34.67,27.3,2024-06-23T22:00:00,2024-06-23T17:00:00,1719162000
551,Gujrāt,PK,32.57284,74.07897,4,Asia/Karachi,100,318.1,2024-06-23:18,59.0,22.0,58.0,35.0,31.0,2024-06-23T23:00:00,2024-06-23T18:00:00,1719165600
