temp,timestamp_local,aqi,co,no2,o3,pm10,pm25,so2
18.9,01/05/2024 0:00,86,105.6,13,83.7,47,28.67,16.3
18.1,01/05/2024 1:00,87,105.6,14,78.3,47,29.33,15.7
18.1,01/05/2024 2:00,89,105.6,15,73,47,30,15
17.4,01/05/2024 3:00,81,95.3,12.7,76.3,42.3,26.33,13.7
16.7,01/05/2024 4:00,73,85,10.3,79.7,37.7,22.67,12.3
16.7,01/05/2024 5:00,65,74.7,8,83,33,19,11
16.7,01/05/2024 6:00,67,82.7,8,83.7,35.7,20,12.3
18.9,01/05/2024 7:00,69,90.7,8,84.3,38.3,21,13.7
19.6,01/05/2024 8:00,72,98.6,8,85,41,22,15
20.7,01/05/2024 9:00,71,87.7,6,106,44,21.67,13.3
25.2,01/05/2024 10:00,70,76.8,4,127,47,21.33,11.7
26.3,01/05/2024 11:00,85,65.9,2,148,50,21,10
27,01/05/2024 12:00,89,64.8,1.7000000000000002,151.3,49,20.33,10.7
28.9,01/05/2024 13:00,93,63.6,1.3,154.7,48,19.67,11.3
29.3,01/05/2024 14:00,98,62.4,1,158,47,19,12
30,01/05/2024 15:00,94,65.4,2.3,155,44.3,18.67,12.3
30.4,01/05/2024 16:00,90,68.3,3.7,152,41.7,18.33,12.7
30.4,01/05/2024 17:00,86,71.2,5,149,39,18,13
28.9,01/05/2024 18:00,76,116.3,13.7,125.7,47,24,17
24.4,01/05/2024 19:00,89,161.5,22.3,102.3,55,30,21
23.7,01/05/2024 20:00,102,206.6,31,79,63,36,25
23,01/05/2024 21:00,107,235.4,34,65.7,65.3,38,26
21.1,01/05/2024 22:00,112,264.2,37,52.3,67.7,40,27
21.1,01/05/2024 23:00,118,293,40,39,70,42,28
20.4,02/05/2024 0:00,112,279.7,38.3,33,66.3,39.67,24
18.9,02/05/2024 1:00,105,266.5,36.7,27,62.7,37.33,20
18.5,02/05/2024 2:00,100,253.3,35,21,59,35,16
17,02/05/2024 3:00,103,256.4,37.7,15,60.7,36.67,16
17,02/05/2024 4:00,108,259.5,40.3,9,62.3,38.33,16
17.4,02/05/2024 5:00,112,262.6,43,3,64,40,16
17.8,02/05/2024 6:00,110,241,33.7,35.3,63,39,19.7
21.1,02/05/2024 7:00,107,219.4,24.3,67.7,62,38,23.3
22.2,02/05/2024 8:00,104,197.8,15,100,61,37,27
23.7,02/05/2024 9:00,90,165.5,10.7,123,49.7,30.67,29
28.9,02/05/2024 10:00,82,133.3,6.3,146,38.3,24.33,31
30,02/05/2024 11:00,103,101,2,169,27,18,33
30.4,02/05/2024 12:00,102,93.4,2,166.3,26.7,17,27.3
33,02/05/2024 13:00,101,85.8,2,163.7,26.3,16,21.7
33,02/05/2024 14:00,100,78.2,2,161,26,15,16
33.7,02/05/2024 15:00,98,80.7,3,158.7,23.7,14,15
33.7,02/05/2024 16:00,95,83.3,4,156.3,21.3,13,14
33.3,02/05/2024 17:00,92,85.8,5,154,19,12,13
31.9,02/05/2024 18:00,64,122.8,12,131,24.3,16,15.7
27.4,02/05/2024 19:00,67,159.7,19,108,29.7,20,18.3
25.9,02/05/2024 20:00,76,196.7,26,85,35,24,21
25.2,02/05/2024 21:00,82,199.6,25.3,76,38.7,26.67,21
22.6,02/05/2024 22:00,87,202.5,24.7,67,42.3,29.33,21
22.6,02/05/2024 23:00,93,205.4,24,58,46,32,21
23,03/05/2024 0:00,90,213.4,27,46,44.3,30.67,19.3
21.5,03/05/2024 1:00,87,221.4,30,34,42.7,29.33,17.7
20.7,03/05/2024 2:00,85,229.4,33,22,41,28,16
20,03/05/2024 3:00,85,228.8,35.3,17.7,41.7,28.33,16.3
19.6,03/05/2024 4:00,86,228.2,37.7,13.3,42.3,28.67,16.7
19.6,03/05/2024 5:00,87,227.6,40,9,43,29,17
19.3,03/05/2024 6:00,90,229.4,33.3,36.7,46,30.67,19.7
22.6,03/05/2024 7:00,94,231.1,26.7,64.3,49,32.33,22.3
23.3,03/05/2024 8:00,98,232.9,20,92,52,34,25
24.8,03/05/2024 9:00,91,193.2,14.3,125.3,47.7,31,31.3
29.3,03/05/2024 10:00,98,153.5,8.7,158.7,43.3,28,37.7
30,03/05/2024 11:00,110,113.8,3,192,39,25,44
30.7,03/05/2024 12:00,107,106,3,182,38.3,23.67,39.3
31.5,03/05/2024 13:00,104,98.2,3,172,37.7,22.33,34.7
31.5,03/05/2024 14:00,101,90.5,3,162,37,21,30
30.7,03/05/2024 15:00,84,106.4,7.7,147,40,23.33,27.3
30.7,03/05/2024 16:00,80,122.4,12.3,132,43,25.67,24.7
30,03/05/2024 17:00,85,138.3,17,117,46,28,22
29.3,03/05/2024 18:00,87,152.3,18,105,47,29,23
28.9,03/05/2024 19:00,89,166.3,19,93,48,30,24
28.5,03/05/2024 20:00,91,180.3,20,81,49,31,25
27,03/05/2024 21:00,97,163.2,15.7,100,53.3,33.67,32.7
24.8,03/05/2024 22:00,103,146.1,11.3,119,57.7,36.33,40.3
25.2,03/05/2024 23:00,110,129,7,138,62,39,48
24.8,04/05/2024 0:00,95,110.3,6,129.7,52.3,33,36.3
23.7,04/05/2024 1:00,82,91.6,5,121.3,42.7,27,24.7
24.1,04/05/2024 2:00,69,73,4,113,33,21,13
23,04/05/2024 3:00,64,67.5,4,109.3,29.3,18.33,11.3
23.3,04/05/2024 4:00,58,62.1,4,105.7,25.7,15.67,9.7
23.7,04/05/2024 5:00,52,56.6,4,102,22,13,8
23.7,04/05/2024 6:00,56,65,5,98.3,26,15,9.3
26.3,04/05/2024 7:00,61,73.3,6,94.7,30,17,10.7
27,04/05/2024 8:00,65,81.7,7,91,34,19,12
27.4,04/05/2024 9:00,69,75.1,5.3,101.7,45.7,21,11.7
30.4,04/05/2024 10:00,74,68.5,3.7,112.3,57.3,23,11.3
31.1,04/05/2024 11:00,78,61.9,2,123,69,25,11
31.9,04/05/2024 12:00,79,61.1,1.7000000000000002,124.3,73.3,25.33,11
34.4,04/05/2024 13:00,80,60.3,1.3,125.7,77.7,25.67,11
34.8,04/05/2024 14:00,80,59.5,1,127,82,26,11
34.8,04/05/2024 15:00,76,67.9,3,123,76.7,24,11.7
34.4,04/05/2024 16:00,72,76.3,5,119,71.3,22,12.3
33.7,04/05/2024 17:00,67,84.6,7,115,66,20,13
33.3,04/05/2024 18:00,74,121.8,14,97,64,23.33,16
30,04/05/2024 19:00,82,158.9,21,79,62,26.67,19
28.9,04/05/2024 20:00,89,196.1,28,61,60,30,22
28.9,04/05/2024 21:00,88,183.3,24.3,61.3,58.3,29.67,21
26.7,04/05/2024 22:00,87,170.4,20.7,61.7,56.7,29.33,20
26.3,04/05/2024 23:00,87,157.6,17,62,55,29,19
25.9,05/05/2024 0:00,87,145.7,15.3,61.3,53.7,29.33,18.7
25.2,05/05/2024 1:00,88,133.8,13.7,60.7,52.3,29.67,18.3
24.8,05/05/2024 2:00,89,122,12,60,51,30,18
24.4,05/05/2024 3:00,85,116.5,12.7,51.7,47.7,28,15.3
23.7,05/05/2024 4:00,80,111.1,13.3,43.3,44.3,26,12.7
23.3,05/05/2024 5:00,76,105.6,14,35,41,24,10
23.3,05/05/2024 6:00,80,119.2,13.3,45.7,44.3,25.67,12
25.2,05/05/2024 7:00,83,132.9,12.7,56.3,47.7,27.33,14
25.9,05/05/2024 8:00,87,146.5,12,67,51,29,16
26.7,05/05/2024 9:00,82,130.5,9,95.3,54.7,27,17.3
31.9,05/05/2024 10:00,78,114.6,6,123.7,58.3,25,18.7
33,05/05/2024 11:00,90,98.6,3,152,62,23,20
33.7,05/05/2024 12:00,84,89.5,2.3,147,65.7,21.67,18.7
35.9,05/05/2024 13:00,78,80.3,1.7000000000000002,142,69.3,20.33,17.3
36.3,05/05/2024 14:00,71,71.2,1,137,73,19,16
36.3,05/05/2024 15:00,67,72.9,2.3,133.3,73.7,18.33,14.7
36.3,05/05/2024 16:00,62,74.7,3.7,129.7,74.3,17.67,13.3
35.9,05/05/2024 17:00,61,76.5,5,126,75,17,12
35.2,05/05/2024 18:00,64,91.4,7.7,113,65.3,18.67,14.3
31.5,05/05/2024 19:00,68,106.4,10.3,100,55.7,20.33,16.7
30.7,05/05/2024 20:00,72,121.4,13,87,46,22,19
30,05/05/2024 21:00,72,125.5,13.3,84.3,46.3,22.33,20.7
27.8,05/05/2024 22:00,73,129.6,13.7,81.7,46.7,22.67,22.3
27.4,05/05/2024 23:00,74,133.6,14,79,47,23,24
27,06/05/2024 0:00,75,139.9,16.7,65.7,48.3,23.67,22
25.6,06/05/2024 1:00,77,146.1,19.3,52.3,49.7,24.33,20
24.8,06/05/2024 2:00,78,152.3,22,39,51,25,18
23.7,06/05/2024 3:00,79,168.3,26.7,27.3,50.3,25.33,16.3
23.7,06/05/2024 4:00,80,184.2,31.3,15.7,49.7,25.67,14.7
23.7,06/05/2024 5:00,80,200.2,36,4,49,26,13
23.7,06/05/2024 6:00,82,199.2,30,34.3,53,27,17
26.7,06/05/2024 7:00,85,198.2,24,64.7,57,28,21
27.4,06/05/2024 8:00,87,197.3,18,95,61,29,25
28.1,06/05/2024 9:00,83,164.6,13,123.7,62.3,27.33,26
33.3,06/05/2024 10:00,90,131.9,8,152.3,63.7,25.67,27
34.4,06/05/2024 11:00,106,99.2,3,181,65,24,28
35.2,06/05/2024 12:00,105,91.8,2.7,176.3,60,21.67,24.3
37.8,06/05/2024 13:00,103,84.4,2.3,171.7,55,19.33,20.7
38.1,06/05/2024 14:00,102,77,2,167,50,17,17
38.5,06/05/2024 15:00,97,80.9,4,157.7,45,15.67,15.3
38.5,06/05/2024 16:00,85,84.8,6,148.3,40,14.33,13.7
38.1,06/05/2024 17:00,74,88.7,8,139,35,13,12
37,06/05/2024 18:00,58,107.2,11.3,119.3,36,15.67,13
32.6,06/05/2024 19:00,64,125.7,14.7,99.7,37,18.33,14
32.6,06/05/2024 20:00,69,144.1,18,80,38,21,15
31.9,06/05/2024 21:00,78,171,22.7,64.7,44.3,25,16.7
28.9,06/05/2024 22:00,87,197.8,27.3,49.3,50.7,29,18.3
28.1,06/05/2024 23:00,95,224.7,32,34,57,33,20
27.8,07/05/2024 0:00,92,218.5,32,28.3,54,31.33,17.3
26.3,07/05/2024 1:00,88,212.2,32,22.7,51,29.67,14.7
25.9,07/05/2024 2:00,85,206,32,17,48,28,12
24.4,07/05/2024 3:00,84,212,33.7,13.7,47,27.67,12.3
24.1,07/05/2024 4:00,83,218.1,35.3,10.3,46,27.33,12.7
24.1,07/05/2024 5:00,82,224.1,37,7,45,27,13
24.1,07/05/2024 6:00,86,218.1,30.3,38.3,48,28.67,16.7
28.1,07/05/2024 7:00,90,212,23.7,69.7,51,30.33,20.3
28.5,07/05/2024 8:00,93,206,17,101,54,32,24
29.6,07/05/2024 9:00,89,171.4,12.3,130,52.7,30,25.3
34.8,07/05/2024 10:00,99,136.8,7.7,159,51.3,28,26.7
36.3,07/05/2024 11:00,108,102.1,3,188,50,26,28
37,07/05/2024 12:00,107,94.2,2.7,184,44.7,23,24.7
39.3,07/05/2024 13:00,106,86.2,2.3,180,39.3,20,21.3
39.6,07/05/2024 14:00,105,78.2,2,176,34,17,18
39.6,07/05/2024 15:00,102,87,4.3,165.7,28.7,15,15.3
39.6,07/05/2024 16:00,94,95.7,6.7,155.3,23.3,13,12.7
39.6,07/05/2024 17:00,81,104.5,9,145,18,11,10
37.8,07/05/2024 18:00,62,119.6,12,129.7,25.7,16.33,11.7
33.3,07/05/2024 19:00,71,134.8,15,114.3,33.3,21.67,13.3
31.5,07/05/2024 20:00,82,150,18,99,41,27,15
31.1,07/05/2024 21:00,82,151.2,18.3,92,41.3,27,15.3
29.3,07/05/2024 22:00,82,152.3,18.7,85,41.7,27,15.7
28.5,07/05/2024 23:00,82,153.5,19,78,42,27,16
27.4,08/05/2024 0:00,82,162.6,22.3,64.7,42,27,15
25.6,08/05/2024 1:00,82,171.8,25.7,51.3,42,27,14
24.8,08/05/2024 2:00,82,180.9,29,38,42,27,13
23.7,08/05/2024 3:00,90,201.9,33.7,28.7,47.3,30.67,14.7
23.3,08/05/2024 4:00,98,222.9,38.3,19.3,52.7,34.33,16.3
23.7,08/05/2024 5:00,107,243.9,43,10,58,38,18
24.1,08/05/2024 6:00,107,229,33.3,43,58,38,18.7
28.1,08/05/2024 7:00,107,214,23.7,76,58,38,19.3
28.9,08/05/2024 8:00,107,199,14,109,58,38,20
30.4,08/05/2024 9:00,97,164.2,10,130.3,52.7,33.67,18
35.6,08/05/2024 10:00,90,129.4,6,151.7,47.3,29.33,16
36.7,08/05/2024 11:00,104,94.5,2,173,42,25,14
37.4,08/05/2024 12:00,104,90.8,2,174.7,37,22,14.7
39.6,08/05/2024 13:00,105,87.2,2,176.3,32,19,15.3
40,08/05/2024 14:00,105,83.5,2,178,27,16,16
40.4,08/05/2024 15:00,103,94,4.3,171.3,22,13.67,15.3
40.4,08/05/2024 16:00,101,104.5,6.7,164.7,17,11.33,14.7
40,08/05/2024 17:00,98,115,9,158,12,9,14
38.5,08/05/2024 18:00,69,152.1,15.3,135,21.7,15.33,16.7
34.4,08/05/2024 19:00,71,189.3,21.7,112,31.3,21.67,19.3
31.9,08/05/2024 20:00,85,226.4,28,89,41,28,22
31.9,08/05/2024 21:00,100,267.1,34,71,51.7,35.33,24.3
29.6,08/05/2024 22:00,120,307.8,40,53,62.3,42.67,26.7
28.9,08/05/2024 23:00,139,348.4,46,35,73,50,29
29.3,09/05/2024 0:00,134,334.8,45,29.7,70,48,25.7
27.8,09/05/2024 1:00,129,321.2,44,24.3,67,46,22.3
27,09/05/2024 2:00,123,307.6,43,19,64,44,19
25.6,09/05/2024 3:00,119,267.9,33.7,35.3,65.7,42.33,22
25.9,09/05/2024 4:00,114,228.2,24.3,51.7,67.3,40.67,25
26.3,09/05/2024 5:00,110,188.5,15,68,69,39,28
26.3,09/05/2024 6:00,145,181.9,12.3,85.7,117,52,36.7
28.1,09/05/2024 7:00,163,175.3,9.7,103.3,165,65,45.3
28.5,09/05/2024 8:00,180,168.7,7,121,213,78,54
29.6,09/05/2024 9:00,183,158,5.3,141.7,225.3,80,55.3
34.1,09/05/2024 10:00,185,147.3,3.7,162.3,237.7,82,56.7
34.8,09/05/2024 11:00,188,136.6,2,183,250,84,58
35.9,09/05/2024 12:00,180,134.6,2,186.7,227.3,77.67,54.3
38.5,09/05/2024 13:00,171,132.7,2,190.3,204.7,71.33,50.7
38.9,09/05/2024 14:00,163,130.7,2,194,182,65,47
39.3,09/05/2024 15:00,163,142.8,4,192,179.3,65.33,45
39.6,09/05/2024 16:00,164,154.8,6,190,176.7,65.67,43
39.3,09/05/2024 17:00,164,166.9,8,188,174,66,41
38.1,09/05/2024 18:00,164,185.8,12,164,158,65.67,39.3
34.4,09/05/2024 19:00,163,204.6,16,140,142,65.33,37.7
33,09/05/2024 20:00,163,223.5,20,116,126,65,36
32.6,09/05/2024 21:00,161,238.3,23,100,119,63.67,35
30.4,09/05/2024 22:00,159,253.1,26,84,112,62.33,34
30,09/05/2024 23:00,157,267.9,29,68,105,61,33
29.6,10/05/2024 0:00,156,275.8,33,56,103.3,60,32
28.1,10/05/2024 1:00,155,283.8,37,44,101.7,59,31
27.8,10/05/2024 2:00,153,291.8,41,32,100,58,30
27,10/05/2024 3:00,155,261.1,31,47.3,115.3,59.33,32.3
26.7,10/05/2024 4:00,157,230.3,21,62.7,130.7,60.67,34.7
27,10/05/2024 5:00,159,199.6,11,78,146,62,37
27,10/05/2024 6:00,160,194.1,10.3,88.7,142.3,62.67,40.7
28.9,10/05/2024 7:00,161,188.7,9.7,99.3,138.7,63.33,44.3
29.6,10/05/2024 8:00,161,183.3,9,110,135,64,48
30.4,10/05/2024 9:00,164,174.5,7,135.7,147.7,65.67,54
33.7,10/05/2024 10:00,166,165.7,5,161.3,160.3,67.33,60
34.4,10/05/2024 11:00,168,157,3,187,173,69,66
34.8,10/05/2024 12:00,168,152.5,3,187,177.3,68.67,61.7
35.9,10/05/2024 13:00,167,148,3,187,181.7,68.33,57.3
36.7,10/05/2024 14:00,167,143.6,3,187,186,68,53
33.3,10/05/2024 15:00,169,149,4,186.7,182,70,52.7
34.1,10/05/2024 16:00,172,154.5,5,186.3,178,72,52.3
33.7,10/05/2024 17:00,175,159.9,6,186,174,74,52
33.3,10/05/2024 18:00,171,203.5,15.3,157,157.3,71.33,52.3
30,10/05/2024 19:00,168,247.1,24.7,128,140.7,68.67,52.7
29.6,10/05/2024 20:00,164,290.6,34,99,124,66,53
29.3,10/05/2024 21:00,151,255,27.3,94,102.7,56,44.7
26.7,10/05/2024 22:00,129,219.4,20.7,89,81.3,46,36.3
27,10/05/2024 23:00,102,183.8,14,84,60,36,28
26.7,11/05/2024 0:00,99,170.6,14,73.3,57.7,34.67,24.7
25.6,11/05/2024 1:00,96,157.4,14,62.7,55.3,33.33,21.3
25.6,11/05/2024 2:00,93,144.1,14,52,53,32,18
24.8,11/05/2024 3:00,105,176.6,23.7,40.7,62,37.33,20.7
24.4,11/05/2024 4:00,120,209.1,33.3,29.3,71,42.67,23.3
24.4,11/05/2024 5:00,134,241.6,43,18,80,48,26
24.8,11/05/2024 6:00,129,235,34.7,39,77,46,27.7
26.7,11/05/2024 7:00,123,228.4,26.3,60,74,44,29.3
27,11/05/2024 8:00,118,221.8,18,81,71,42,31
28.1,11/05/2024 9:00,115,193.9,13,113.7,75.3,41,34.3
31.5,11/05/2024 10:00,112,166.1,8,146.3,79.7,40,37.7
32.6,11/05/2024 11:00,110,138.3,3,179,84,39,41
33.7,11/05/2024 12:00,113,130.7,2.7,176.3,92.3,40.33,38
36.3,11/05/2024 13:00,117,123.1,2.3,173.7,100.7,41.67,35
36.3,11/05/2024 14:00,121,115.6,2,171,109,43,32
36.3,11/05/2024 15:00,111,109.1,2.7,165,92.7,39.33,30
37,11/05/2024 16:00,101,102.7,3.3,159,76.3,35.67,28
36.3,11/05/2024 17:00,93,96.3,4,153,60,32,26
34.8,11/05/2024 18:00,90,101.4,5.7,141.7,59.3,30.67,25.3
31.5,11/05/2024 19:00,87,106.4,7.3,130.3,58.7,29.33,24.7
30.4,11/05/2024 20:00,85,111.5,9,119,58,28,24
30.4,11/05/2024 21:00,86,130.7,13,105,58.3,28.67,25.3
29.6,11/05/2024 22:00,87,150,17,91,58.7,29.33,26.7
28.5,11/05/2024 23:00,89,169.2,21,77,59,30,28
29.3,12/05/2024 0:00,87,149.8,17.7,76.3,64,29.33,26.3
27.4,12/05/2024 1:00,86,130.3,14.3,75.7,69,28.67,24.7
26.7,12/05/2024 2:00,85,110.9,11,75,74,28,23
27.4,12/05/2024 3:00,88,116.7,12,72,84.3,29.67,23.3
27.4,12/05/2024 4:00,92,122.6,13,69,94.7,31.33,23.7
27,12/05/2024 5:00,95,128.4,14,66,105,33,24
26.3,12/05/2024 6:00,98,128.8,12.7,77,107.3,34,26.3
27,12/05/2024 7:00,100,129.2,11.3,88,109.7,35,28.7
27.4,12/05/2024 8:00,102,129.6,10,99,112,36,31
28.1,12/05/2024 9:00,98,112.8,7.3,115.3,118,34,26
30.7,12/05/2024 10:00,93,96.1,4.7,131.7,124,32,21
31.1,12/05/2024 11:00,89,79.4,2,148,130,30,16
32.2,12/05/2024 12:00,86,75.9,1.7000000000000002,144.3,112.7,28.67,14.3
33,12/05/2024 13:00,83,72.4,1.3,140.7,95.3,27.33,12.7
31.9,12/05/2024 14:00,80,68.9,1,137,78,26,11
31.5,12/05/2024 15:00,83,73.1,1.7000000000000002,136.3,81.3,27.33,12.3
29.6,12/05/2024 16:00,86,77.4,2.3,135.7,84.7,28.67,13.7
25.2,12/05/2024 17:00,89,81.7,3,135,88,30,15
25.6,12/05/2024 18:00,88,95.7,6.3,120,78.3,29.67,16
25.2,12/05/2024 19:00,87,109.7,9.7,105,68.7,29.33,17
25.2,12/05/2024 20:00,87,123.7,13,90,59,29,18
24.8,12/05/2024 21:00,88,123.5,13,85.3,60,29.67,18
23.7,12/05/2024 22:00,90,123.3,13,80.7,61,30.33,18
24.1,12/05/2024 23:00,91,123.1,13,76,62,31,18
24.4,13/05/2024 0:00,89,123.1,14,68.3,59.3,30,16.7
23,13/05/2024 1:00,87,123.1,15,60.7,56.7,29,15.3
23.3,13/05/2024 2:00,85,123.1,16,53,54,28,14
22.2,13/05/2024 3:00,79,116.1,16,50.7,48.3,25.33,12.7
22.2,13/05/2024 4:00,73,109.1,16,48.3,42.7,22.67,11.3
21.9,13/05/2024 5:00,67,102.1,16,46,37,20,10
22.2,13/05/2024 6:00,69,108,14,58.3,39,20.67,11.7
25.9,13/05/2024 7:00,70,113.8,12,70.7,41,21.33,13.3
26.7,13/05/2024 8:00,72,119.6,10,83,43,22,15
27.8,13/05/2024 9:00,69,105,7.3,110,42.7,20.67,14.3
32.6,13/05/2024 10:00,71,90.5,4.7,137,42.3,19.33,13.7
33.3,13/05/2024 11:00,101,75.9,2,164,42,18,13
33.7,13/05/2024 12:00,100,72.4,1.7000000000000002,160.3,41,17.33,11.7
35.9,13/05/2024 13:00,96,68.9,1.3,156.7,40,16.67,10.3
36.3,13/05/2024 14:00,91,65.4,1,153,39,16,9
36.7,13/05/2024 15:00,85,68.5,2.3,148.3,34,14.67,9.7
36.7,13/05/2024 16:00,80,71.6,3.7,143.7,29,13.33,10.3
36.3,13/05/2024 17:00,74,74.7,5,139,24,12,11
35.6,13/05/2024 18:00,56,106,11.3,121,27.3,15,14.3
30.7,13/05/2024 19:00,63,137.3,17.7,103,30.7,18,17.7
29.6,13/05/2024 20:00,69,168.7,24,85,34,21,21
29.6,13/05/2024 21:00,72,170,23,80,35.7,22,21.3
27.4,13/05/2024 22:00,74,171.4,22,75,37.3,23,21.7
27,13/05/2024 23:00,76,172.7,21,70,39,24,22
27,14/05/2024 0:00,73,167.9,21.3,62.7,36.7,22.67,20.7
25.6,14/05/2024 1:00,70,163,21.7,55.3,34.3,21.33,19.3
25.2,14/05/2024 2:00,67,158.2,22,48,32,20,18
23.7,14/05/2024 3:00,72,167.1,26.7,37.7,34.7,22,17.3
23.3,14/05/2024 4:00,76,176.1,31.3,27.3,37.3,24,16.7
22.6,14/05/2024 5:00,80,185,36,17,40,26,16
23.3,14/05/2024 6:00,81,186.4,29.7,44.3,41,26.33,18.7
27.4,14/05/2024 7:00,82,187.7,23.3,71.7,42,26.67,21.3
28.5,14/05/2024 8:00,82,189.1,17,99,43,27,24
29.3,14/05/2024 9:00,76,154.3,12.3,127,39.7,24,23
33.7,14/05/2024 10:00,94,119.4,7.7,155,36.3,21,22
34.8,14/05/2024 11:00,107,84.6,3,183,33,18,21
35.6,14/05/2024 12:00,105,78.8,2.7,178,31.7,17,18.3
38.1,14/05/2024 13:00,104,72.9,2.3,173,30.3,16,15.7
38.5,14/05/2024 14:00,102,67.1,2,168,29,15,13
38.5,14/05/2024 15:00,101,73.3,3.3,162.7,24.3,13,11.7
38.9,14/05/2024 16:00,97,79.6,4.7,157.3,19.7,11,10.3
38.5,14/05/2024 17:00,90,85.8,6,152,15,9,9
37,14/05/2024 18:00,67,107.6,10.3,133.7,19.3,12.33,12
31.9,14/05/2024 19:00,58,129.4,14.7,115.3,23.7,15.67,15
31.1,14/05/2024 20:00,65,151.2,19,97,28,19,18
31.1,14/05/2024 21:00,64,154.3,18.7,90,27.7,18.67,19
29.3,14/05/2024 22:00,64,157.4,18.3,83,27.3,18.33,20
28.1,14/05/2024 23:00,63,160.5,18,76,27,18,21
27.4,15/05/2024 0:00,62,165.9,22,63.3,26,17.67,20.3
25.2,15/05/2024 1:00,62,171.4,26,50.7,25,17.33,19.7
25.6,15/05/2024 2:00,61,176.8,30,38,24,17,19
24.8,15/05/2024 3:00,77,204.6,31.3,31.7,35.7,24.67,18.7
24.8,15/05/2024 4:00,94,232.5,32.7,25.3,47.3,32.33,18.3
24.4,15/05/2024 5:00,112,260.3,34,19,59,40,18
24.4,15/05/2024 6:00,118,257.8,28.3,52,61.7,42,20.3
28.1,15/05/2024 7:00,123,255.2,22.7,85,64.3,44,22.7
28.9,15/05/2024 8:00,129,252.7,17,118,67,46,25
30,15/05/2024 9:00,112,211.8,12.7,150,59.3,40,31.3
35.2,15/05/2024 10:00,107,171,8.3,182,51.7,34,37.7
36.7,15/05/2024 11:00,116,130.1,4,214,44,28,44
37,15/05/2024 12:00,113,118.7,3.3,205,40.3,24,37.7
39.3,15/05/2024 13:00,111,107.2,2.7,196,36.7,20,31.3
39.6,15/05/2024 14:00,108,95.7,2,187,33,16,25
40.7,15/05/2024 15:00,103,95.5,3.7,170,30.3,14,21.7
40.7,15/05/2024 16:00,91,95.3,5.3,153,27.7,12,18.3
40.4,15/05/2024 17:00,70,95.1,7,136,25,10,15
38.5,15/05/2024 18:00,54,121.6,12.7,116.7,27.3,13,16.3
34.4,15/05/2024 19:00,59,148,18.3,97.3,29.7,16,17.7
33,15/05/2024 20:00,65,174.5,24,78,32,19,19
33,15/05/2024 21:00,77,213,30.3,61.7,40.3,24.67,21
31.1,15/05/2024 22:00,90,251.5,36.7,45.3,48.7,30.33,23
30.7,15/05/2024 23:00,102,290,43,29,57,36,25
30.7,16/05/2024 0:00,106,297.6,44.3,22.7,58.7,37.67,22.3
28.9,16/05/2024 1:00,111,305.2,45.7,16.3,60.3,39.33,19.7
28.1,16/05/2024 2:00,115,312.8,47,10,62,41,17
27.8,16/05/2024 3:00,113,293.7,42.3,15.7,61,40.33,17
28.5,16/05/2024 4:00,112,274.7,37.7,21.3,60,39.67,17
27.8,16/05/2024 5:00,110,255.6,33,27,59,39,17
27,16/05/2024 6:00,107,241.6,26.7,56.7,57.7,38,17.7
30,16/05/2024 7:00,104,227.6,20.3,86.3,56.3,37,18.3
30.4,16/05/2024 8:00,102,213.6,14,116,55,36,19
31.9,16/05/2024 9:00,95,178.8,10,140,51.7,33,17
36.7,16/05/2024 10:00,101,144,6,164,48.3,30,15
38.1,16/05/2024 11:00,108,109.1,2,188,45,27,13
38.9,16/05/2024 12:00,107,103.1,2,184.3,46,25.67,13.7
41.5,16/05/2024 13:00,106,97.1,2,180.7,47,24.33,14.3
41.9,16/05/2024 14:00,105,91,2,177,48,23,15
41.5,16/05/2024 15:00,101,90.5,3.3,163.7,47.3,21,14.3
41.9,16/05/2024 16:00,88,89.9,4.7,150.3,46.7,19,13.7
40.7,16/05/2024 17:00,71,89.3,6,137,46,17,13
40,16/05/2024 18:00,64,96.5,7.7,124,43.7,18.33,14.3
35.6,16/05/2024 19:00,67,103.7,9.3,111,41.3,19.67,15.7
34.8,16/05/2024 20:00,69,110.9,11,98,39,21,17
34.1,16/05/2024 21:00,72,116.1,11.3,94,40.7,22,19.3
32.2,16/05/2024 22:00,74,121.4,11.7,90,42.3,23,21.7
33,16/05/2024 23:00,76,126.6,12,86,44,24,24
33,17/05/2024 0:00,73,126.6,13.3,75.3,41.7,22.67,22.7
31.1,17/05/2024 1:00,70,126.6,14.7,64.7,39.3,21.33,21.3
30.4,17/05/2024 2:00,67,126.6,16,54,37,20,20
28.5,17/05/2024 3:00,73,145.9,23.7,37.3,41.3,22.67,18
28.1,17/05/2024 4:00,79,165.2,31.3,20.7,45.7,25.33,16
27.8,17/05/2024 5:00,85,184.4,39,4,50,28,14
28.1,17/05/2024 6:00,84,179.9,31.7,31.3,51,27.67,16.7
31.5,17/05/2024 7:00,83,175.5,24.3,58.7,52,27.33,19.3
32.2,17/05/2024 8:00,82,171,17,86,53,27,22
33.7,17/05/2024 9:00,80,147.7,12.3,119.7,58.3,26,23
38.5,17/05/2024 10:00,92,124.3,7.7,153.3,63.7,25,24
39.6,17/05/2024 11:00,108,101,3,187,69,24,25
40.4,17/05/2024 12:00,106,94.9,2.7,181,77,23.67,22
42.2,17/05/2024 13:00,104,88.9,2.3,175,85,23.33,19
43,17/05/2024 14:00,103,82.9,2,169,93,23,16
43,17/05/2024 15:00,100,91.6,4.3,160.7,86,22,15.3
42.2,17/05/2024 16:00,90,100.4,6.7,152.3,79,21,14.7
41.5,17/05/2024 17:00,80,109.1,9,144,72,20,14
40.7,17/05/2024 18:00,67,101.9,8.7,132,62,19.67,14.3
35.2,17/05/2024 19:00,66,94.7,8.3,120,52,19.33,14.7
34.4,17/05/2024 20:00,65,87.5,8,108,42,19,15
33.7,17/05/2024 21:00,66,89.9,9.3,97,41,19.33,14
31.9,17/05/2024 22:00,67,92.2,10.7,86,40,19.67,13
32.2,17/05/2024 23:00,67,94.5,12,75,39,20,12
31.9,18/05/2024 0:00,68,105.4,16.7,59.7,39,20.33,11.7
30.7,18/05/2024 1:00,69,116.3,21.3,44.3,39,20.67,11.3
29.6,18/05/2024 2:00,69,127.2,26,29,39,21,11
28.9,18/05/2024 3:00,70,131.7,26,28,39.3,21.33,12.7
29.3,18/05/2024 4:00,71,136.2,26,27,39.7,21.67,14.3
29.3,18/05/2024 5:00,72,140.6,26,26,40,22,16
29.3,18/05/2024 6:00,74,159.3,24,40.7,43.3,23,17.3
32.6,18/05/2024 7:00,76,178,22,55.3,46.7,24,18.7
33.3,18/05/2024 8:00,78,196.7,20,70,50,25,20
34.4,18/05/2024 9:00,76,162.4,14.3,102.7,58.7,24,18.7
39.3,18/05/2024 10:00,74,128.2,8.7,135.3,67.3,23,17.3
40.4,18/05/2024 11:00,102,94,3,168,76,22,16
40.7,18/05/2024 12:00,96,87.3,3,157,87.7,22.33,13.7
43,18/05/2024 13:00,82,80.7,3,146,99.3,22.67,11.3
43,18/05/2024 14:00,78,74.1,3,135,111,23,9
40.7,18/05/2024 15:00,76,73.3,3.3,132.3,105.3,22.67,10
41.5,18/05/2024 16:00,73,72.6,3.7,129.7,99.7,22.33,11
41.5,18/05/2024 17:00,72,71.8,4,127,94,22,12
40.7,18/05/2024 18:00,76,86.2,7.7,110,85,24,13
37.8,18/05/2024 19:00,80,100.6,11.3,93,76,26,14
36.7,18/05/2024 20:00,85,115,15,76,67,28,15
35.6,18/05/2024 21:00,87,119.4,15.7,69.7,66.7,29.33,15.3
33,18/05/2024 22:00,90,123.9,16.3,63.3,66.3,30.67,15.7
32.6,18/05/2024 23:00,93,128.4,17,57,66,32,16
31.9,19/05/2024 0:00,92,123.3,17.7,51.3,63.7,31.67,14.7
30.4,19/05/2024 1:00,92,118.3,18.3,45.7,61.3,31.33,13.3
30.4,19/05/2024 2:00,91,113.2,19,40,59,31,12
28.5,19/05/2024 3:00,87,119.8,20.7,32.7,54.3,29.33,12
27.4,19/05/2024 4:00,84,126.4,22.3,25.3,49.7,27.67,12
27,19/05/2024 5:00,80,133.1,24,18,45,26,12
28.1,19/05/2024 6:00,81,136.4,20.3,41,47.7,26.33,14
31.9,19/05/2024 7:00,82,139.7,16.7,64,50.3,26.67,16
33,19/05/2024 8:00,82,143,13,87,53,27,18
34.4,19/05/2024 9:00,83,123.5,9.7,111,68.7,27.33,17
38.9,19/05/2024 10:00,84,104.1,6.3,135,84.3,27.67,16
40,19/05/2024 11:00,99,84.6,3,159,100,28,15
41.1,19/05/2024 12:00,95,80.3,2.7,156.3,101.7,28.33,15.7
42.6,19/05/2024 13:00,92,76.1,2.3,153.7,103.3,28.67,16.3
43.3,19/05/2024 14:00,89,71.8,2,151,105,29,17
41.9,19/05/2024 15:00,84,74.5,2.7,147,89.7,26,15.3
42.2,19/05/2024 16:00,79,77.2,3.3,143,74.3,23,13.7
41.1,19/05/2024 17:00,74,80,4,139,59,20,12
41.1,19/05/2024 18:00,68,136.8,15.7,116,52,20.33,16.7
36.7,19/05/2024 19:00,69,193.6,27.3,93,45,20.67,21.3
35.9,19/05/2024 20:00,69,250.4,39,70,38,21,26
34.8,19/05/2024 21:00,73,225.1,33,69.3,40.7,22.67,24.7
32.6,19/05/2024 22:00,77,199.8,27,68.7,43.3,24.33,23.3
31.9,19/05/2024 23:00,80,174.5,21,68,46,26,22
32.2,20/05/2024 0:00,83,186.9,27,51.7,47.3,27.33,20.7
30.7,20/05/2024 1:00,86,199.4,33,35.3,48.7,28.67,19.3
30.4,20/05/2024 2:00,89,211.8,39,19,50,30,18
27.8,20/05/2024 3:00,89,203.3,38.3,16.3,49.7,30,16.7
27.8,20/05/2024 4:00,89,194.7,37.7,13.7,49.3,30,15.3
27.8,20/05/2024 5:00,89,186.2,37,11,49,30,14
27.8,20/05/2024 6:00,90,180.3,29.7,41.3,52,30.33,16
31.5,20/05/2024 7:00,90,174.5,22.3,71.7,55,30.67,18
33,20/05/2024 8:00,91,168.7,15,102,58,31,20
34.4,20/05/2024 9:00,85,137,10.7,116.3,56.7,28.33,16.7
39.6,20/05/2024 10:00,80,105.2,6.3,130.7,55.3,25.67,13.3
40.4,20/05/2024 11:00,81,73.5,2,145,54,23,10
41.1,20/05/2024 12:00,85,72.6,2,147.7,49.7,21,9.3
43.3,20/05/2024 13:00,88,71.6,2,150.3,45.3,19,8.7
43.7,20/05/2024 14:00,91,70.6,2,153,41,17,8
43.3,20/05/2024 15:00,88,70.6,2.3,150.7,34.7,14.67,7.7
43.3,20/05/2024 16:00,85,70.6,2.7,148.3,28.3,12.33,7.3
42.6,20/05/2024 17:00,82,70.6,3,146,22,10,7
41.5,20/05/2024 18:00,57,93.4,8.3,125.3,22.3,11.67,9.7
38.5,20/05/2024 19:00,53,116.1,13.7,104.7,22.7,13.33,12.3
37,20/05/2024 20:00,56,138.9,19,84,23,15,15
36.3,20/05/2024 21:00,59,132.3,17.3,82.7,24.7,16,14.7
34.1,20/05/2024 22:00,61,125.7,15.7,81.3,26.3,17,14.3
33.3,20/05/2024 23:00,63,119.1,14,80,28,18,14
33,21/05/2024 0:00,64,118.9,15.7,68,28,18.33,13
31.5,21/05/2024 1:00,64,118.7,17.3,56,28,18.67,12
31.1,21/05/2024 2:00,65,118.5,19,44,28,19,11
28.9,21/05/2024 3:00,67,131.9,24,31.7,29.3,20,11
28.9,21/05/2024 4:00,69,145.3,29,19.3,30.7,21,11
28.5,21/05/2024 5:00,72,158.7,34,7,32,22,11
29.3,21/05/2024 6:00,73,157.6,27.3,37.3,34.3,22.67,13.7
32.6,21/05/2024 7:00,74,156.4,20.7,67.7,36.7,23.33,16.3
33,21/05/2024 8:00,76,155.2,14,98,39,24,19
34.1,21/05/2024 9:00,74,134.6,10.3,125.3,39.3,23,18.7
38.5,21/05/2024 10:00,91,114,6.7,152.7,39.7,22,18.3
40,21/05/2024 11:00,106,93.4,3,180,40,21,18
40.4,21/05/2024 12:00,104,86.2,2.7,172.7,41.3,20.33,15
43,21/05/2024 13:00,102,79,2.3,165.3,42.7,19.67,12
43.3,21/05/2024 14:00,98,71.8,2,158,44,19,9
43.3,21/05/2024 15:00,87,70.2,2.7,149.7,44.3,18.67,9.3
42.6,21/05/2024 16:00,77,68.7,3.3,141.3,44.7,18.33,9.7
43,21/05/2024 17:00,66,67.1,4,133,45,18,10
42.6,21/05/2024 18:00,67,93.6,10,114,43,19.67,12.3
37.8,21/05/2024 19:00,70,120,16,95,41,21.33,14.7
36.3,21/05/2024 20:00,74,146.5,22,76,39,23,17
35.2,21/05/2024 21:00,78,180.7,28.3,61,42.3,25,19.7
32.2,21/05/2024 22:00,82,215,34.7,46,45.7,27,22.3
31.9,21/05/2024 23:00,87,249.2,41,31,49,29,25
31.9,22/05/2024 0:00,87,251.7,43.3,22.3,48.7,29.33,22
29.6,22/05/2024 1:00,88,254.3,45.7,13.7,48.3,29.67,19
29.3,22/05/2024 2:00,89,256.8,48,5,48,30,16
27.4,22/05/2024 3:00,90,227.6,39.3,14.7,48.3,30.67,16
27.8,22/05/2024 4:00,92,198.4,30.7,24.3,48.7,31.33,16
29.6,22/05/2024 5:00,93,169.2,22,34,49,32,16
28.1,22/05/2024 6:00,93,161.7,18,58.3,50,32,16.7
32.2,22/05/2024 7:00,93,154.1,14,82.7,51,32,17.3
33,22/05/2024 8:00,93,146.5,10,107,52,32,18
34.8,22/05/2024 9:00,93,128.2,7.3,127,53,32,18
39.3,22/05/2024 10:00,93,109.9,4.7,147,54,32,18
40,22/05/2024 11:00,102,91.6,2,167,55,32,18
40.7,22/05/2024 12:00,102,87.5,2,166.3,51,29.33,18
43,22/05/2024 13:00,102,83.5,2,165.7,47,26.67,18
43.3,22/05/2024 14:00,101,79.4,2,165,43,24,18
43.7,22/05/2024 15:00,100,82.9,2.7,160.3,38.7,21.33,16.3
43.7,22/05/2024 16:00,95,86.4,3.3,155.7,34.3,18.67,14.7
43.7,22/05/2024 17:00,89,89.9,4,151,30,16,13
43.3,22/05/2024 18:00,64,127.8,12.7,126.3,32.3,18.67,16
37.8,22/05/2024 19:00,70,165.7,21.3,101.7,34.7,21.33,19
36.3,22/05/2024 20:00,76,203.7,30,77,37,24,22
35.9,22/05/2024 21:00,84,232.1,35.3,63.3,43.3,27.67,24.3
34.1,22/05/2024 22:00,92,260.5,40.7,49.7,49.7,31.33,26.7
33,22/05/2024 23:00,100,288.9,46,36,56,35,29
32.2,23/05/2024 0:00,99,288.5,47.3,29.3,54.7,34.67,28
32.6,23/05/2024 1:00,98,288.1,48.7,22.7,53.3,34.33,27
33.7,23/05/2024 2:00,98,287.7,50,16,52,34,26
28.9,23/05/2024 3:00,101,259.1,42.3,20.3,54,35.67,24
28.9,23/05/2024 4:00,105,230.5,34.7,24.7,56,37.33,22
28.9,23/05/2024 5:00,110,201.9,27,29,58,39,20
29.3,23/05/2024 6:00,115,188.9,21,55.7,68.7,41,25.7
31.9,23/05/2024 7:00,121,175.9,15,82.3,79.3,43,31.3
32.6,23/05/2024 8:00,126,162.8,9,109,90,45,37
33.7,23/05/2024 9:00,136,152.9,6.7,133.7,104,48.67,42
37.8,23/05/2024 10:00,146,143,4.3,158.3,118,52.33,47
38.9,23/05/2024 11:00,151,133.1,2,183,132,56,52
39.6,23/05/2024 12:00,139,126.1,2,182.7,114.7,49.67,48
42.2,23/05/2024 13:00,121,119.1,2,182.3,97.3,43.33,44
42.6,23/05/2024 14:00,107,112.1,2,182,80,37,40
43.3,23/05/2024 15:00,107,116.7,2.3,182.7,75.3,36.33,38.7
43,23/05/2024 16:00,107,121.4,2.7,183.3,70.7,35.67,37.3
42.6,23/05/2024 17:00,107,126.1,3,184,66,35,36
41.5,23/05/2024 18:00,112,138.5,6,166.3,70.3,39.67,36
37.8,23/05/2024 19:00,124,151,9,148.7,74.7,44.33,36
36.7,23/05/2024 20:00,137,163.4,12,131,79,49,36
36.3,23/05/2024 21:00,138,181.9,15,115,79,49.33,36
34.4,23/05/2024 22:00,139,200.4,18,99,79,49.67,36
33.3,23/05/2024 23:00,139,218.9,21,83,79,50,36
32.6,24/05/2024 0:00,141,225.3,22.3,77,81,50.67,36.7
30.7,24/05/2024 1:00,143,231.7,23.7,71,83,51.33,37.3
30.4,24/05/2024 2:00,145,238.1,25,65,85,52,38
30,24/05/2024 3:00,146,222.4,23,62.3,90.3,52.33,34
29.6,24/05/2024 4:00,147,206.6,21,59.7,95.7,52.67,30
29.3,24/05/2024 5:00,148,190.8,19,57,101,53,26
30,24/05/2024 6:00,148,178.4,15.7,75,105,53,27.3
32.2,24/05/2024 7:00,148,165.9,12.3,93,109,53,28.7
33,24/05/2024 8:00,148,153.5,9,111,113,53,30
34.4,24/05/2024 9:00,151,143.4,6.7,130.7,120.3,54.33,35.3
38.9,24/05/2024 10:00,150,133.3,4.3,150.3,127.7,55.67,40.7
39.6,24/05/2024 11:00,152,123.1,2,170,135,57,46
40.4,24/05/2024 12:00,153,124.7,2.3,172,135,58,47.7
42.2,24/05/2024 13:00,155,126.3,2.7,174,135,59,49.3
42.2,24/05/2024 14:00,156,127.8,3,176,135,60,51
42.6,24/05/2024 15:00,150,122,3,173.3,120,54,44.3
42.6,24/05/2024 16:00,134,116.1,3,170.7,105,48,37.7
42.2,24/05/2024 17:00,118,110.3,3,168,90,42,31
39.3,24/05/2024 18:00,127,142.6,10.3,144,90.3,45.33,31.7
34.4,24/05/2024 19:00,136,174.9,17.7,120,90.7,48.67,32.3
33,24/05/2024 20:00,145,207.2,25,96,91,52,33
31.5,24/05/2024 21:00,153,248.2,32.7,79.3,96.3,55,36
29.6,24/05/2024 22:00,153,289.3,40.3,62.7,101.7,58,39
29.6,24/05/2024 23:00,157,330.3,48,46,107,61,42
29.3,25/05/2024 0:00,159,329.3,49.3,34.3,108.3,62,36.7
28.1,25/05/2024 1:00,160,328.4,50.7,22.7,109.7,63,31.3
27.8,25/05/2024 2:00,161,327.4,52,11,111,64,26
28.1,25/05/2024 3:00,155,301.3,47.3,10,101,59.33,23
28.1,25/05/2024 4:00,152,275.3,42.7,9,91,54.67,20
28.1,25/05/2024 5:00,139,249.2,38,8,81,50,17
28.1,25/05/2024 6:00,140,233.8,31,39.7,85.3,50.33,20
30.7,25/05/2024 7:00,141,218.5,24,71.3,89.7,50.67,23
31.9,25/05/2024 8:00,142,203.1,17,103,94,51,26
33,25/05/2024 9:00,125,172,12.3,127.3,84,44.67,26.3
37.4,25/05/2024 10:00,108,140.8,7.7,151.7,74,38.33,26.7
38.5,25/05/2024 11:00,105,109.7,3,176,64,32,27
39.6,25/05/2024 12:00,102,97.7,2.3,165.7,69.3,30.33,21.7
42.2,25/05/2024 13:00,94,85.6,1.7000000000000002,155.3,74.7,28.67,16.3
42.6,25/05/2024 14:00,82,73.5,1,145,80,27,11
42.6,25/05/2024 15:00,82,73.9,2,145.3,71.7,23.67,11.7
42.6,25/05/2024 16:00,82,74.3,3,145.7,63.3,20.33,12.3
42.2,25/05/2024 17:00,82,74.7,4,146,55,17,13
41.9,25/05/2024 18:00,66,89.7,7.7,129.3,51.3,19.33,14.3
38.1,25/05/2024 19:00,71,104.7,11.3,112.7,47.7,21.67,15.7
36.3,25/05/2024 20:00,76,119.6,15,96,44,24,17
35.2,25/05/2024 21:00,74,117.7,14,93.3,42,23.33,17.7
32.6,25/05/2024 22:00,73,115.7,13,90.7,40,22.67,18.3
32.2,25/05/2024 23:00,72,113.8,12,88,38,22,19
31.9,26/05/2024 0:00,71,112.2,14,78.3,37.3,21.67,19
30.4,26/05/2024 1:00,70,110.7,16,68.7,36.7,21.33,19
29.6,26/05/2024 2:00,69,109.1,18,59,36,21,19
28.1,26/05/2024 3:00,74,136.6,26.7,42.3,40,23.33,18.7
27.8,26/05/2024 4:00,80,164,35.3,25.7,44,25.67,18.3
27.4,26/05/2024 5:00,85,191.4,44,9,48,28,18
28.5,26/05/2024 6:00,87,190.1,35.3,42,49.7,29.33,20.7
32.2,26/05/2024 7:00,90,188.7,26.7,75,51.3,30.67,23.3
33.7,26/05/2024 8:00,93,187.3,18,108,53,32,26
34.8,26/05/2024 9:00,88,158.9,13,134.3,51.3,29.67,25.3
39.6,26/05/2024 10:00,100,130.5,8,160.7,49.7,27.33,24.7
40.7,26/05/2024 11:00,108,102.1,3,187,48,25,24
41.5,26/05/2024 12:00,106,92.4,2.7,179.3,48,23.33,20.7
43.7,26/05/2024 13:00,103,82.7,2.3,171.7,48,21.67,17.3
44.4,26/05/2024 14:00,101,73,2,164,48,20,14
44.8,26/05/2024 15:00,97,72.9,2.7,157.3,43.3,18.33,12.7
44.8,26/05/2024 16:00,88,72.9,3.3,150.7,38.7,16.67,11.3
44.4,26/05/2024 17:00,80,73,4,144,34,15,10
44.1,26/05/2024 18:00,58,91.6,8.3,126.7,32,15.67,12
40,26/05/2024 19:00,59,110.3,12.7,109.3,30,16.33,14
38.5,26/05/2024 20:00,61,129,17,92,28,17,16
36.7,26/05/2024 21:00,59,123.3,16,92,26.3,16.33,16
33.7,26/05/2024 22:00,58,117.7,15,92,24.7,15.67,16
33,26/05/2024 23:00,56,112.1,14,92,23,15,16
32.2,27/05/2024 0:00,57,113.6,16,79.7,23.7,15.33,15.3
30,27/05/2024 1:00,58,115.2,18,67.3,24.3,15.67,14.7
30,27/05/2024 2:00,59,116.7,20,55,25,16,14
30,27/05/2024 3:00,65,144.7,28.3,39.7,29.7,19,14.7
30,27/05/2024 4:00,72,172.7,36.7,24.3,34.3,22,15.3
28.9,27/05/2024 5:00,78,200.8,45,9,39,25,16
29.6,27/05/2024 6:00,80,199.8,37,44.7,40,25.67,18.7
33.3,27/05/2024 7:00,81,198.8,29,80.3,41,26.33,21.3
33.7,27/05/2024 8:00,82,197.8,21,116,42,27,24
34.8,27/05/2024 9:00,82,165.5,15,146,41.7,26,24
40,27/05/2024 10:00,105,133.3,9,176,41.3,25,24
41.5,27/05/2024 11:00,114,101,3,206,41,24,24
42.2,27/05/2024 12:00,111,90.5,2.7,196.3,36,20.33,20.3
44.8,27/05/2024 13:00,108,80,2.3,186.7,31,16.67,16.7
45.2,27/05/2024 14:00,105,69.4,2,177,26,13,13
45.2,27/05/2024 15:00,103,69.8,2.7,171.3,24,12,12
45.6,27/05/2024 16:00,102,70.2,3.3,165.7,22,11,11
45.2,27/05/2024 17:00,100,70.6,4,160,20,10,10
45.2,27/05/2024 18:00,69,119.8,15,135,22.7,12.33,14.7
38.9,27/05/2024 19:00,56,169,26,110,25.3,14.67,19.3
37.4,27/05/2024 20:00,61,218.3,37,85,28,17,24
36.3,27/05/2024 21:00,64,244.9,41,68.3,30.3,18.67,26
33.7,27/05/2024 22:00,68,271.6,45,51.7,32.7,20.33,28
32.2,27/05/2024 23:00,72,298.2,49,35,35,22,30
31.9,28/05/2024 0:00,71,280.7,46,30.3,33.7,21.67,25.7
29.6,28/05/2024 1:00,70,263.2,43,25.7,32.3,21.33,21.3
29.3,28/05/2024 2:00,69,245.7,40,21,31,21,17
27.4,28/05/2024 3:00,80,256.6,43.3,15,38.7,26,17.3
27.8,28/05/2024 4:00,91,267.5,46.7,9,46.3,31,17.7
28.5,28/05/2024 5:00,102,278.4,50,3,54,36,18
29.3,28/05/2024 6:00,104,250.6,39,45,55.3,37,19.7
33.7,28/05/2024 7:00,107,222.7,28,87,56.7,38,21.3
35.2,28/05/2024 8:00,110,194.9,17,129,58,39,23
35.9,28/05/2024 9:00,99,164,12.3,154.3,52.3,34.67,23
41.1,28/05/2024 10:00,106,133.1,7.7,179.7,46.7,30.33,23
42.2,28/05/2024 11:00,113,102.1,3,205,41,26,23
43.3,28/05/2024 12:00,111,92.2,2.7,197.3,34.7,21,19.7
45.6,28/05/2024 13:00,109,82.3,2.3,189.7,28.3,16,16.3
45.9,28/05/2024 14:00,107,72.4,2,182,22,11,13
45.6,28/05/2024 15:00,104,71.4,2.7,173.3,19.7,9.67,12
45.6,28/05/2024 16:00,101,70.4,3.3,164.7,17.3,8.33,11
45.6,28/05/2024 17:00,95,69.4,4,156,15,7,10
45.2,28/05/2024 18:00,67,108.2,13.3,133.3,17,9.33,14
38.1,28/05/2024 19:00,51,146.9,22.7,110.7,19,11.67,18
37,28/05/2024 20:00,54,185.6,32,88,21,14,22
36.3,28/05/2024 21:00,59,218.7,37.7,68.3,24.3,16.33,24
33.7,28/05/2024 22:00,64,251.7,43.3,48.7,27.7,18.67,26
33,28/05/2024 23:00,69,284.8,49,29,31,21,28
31.9,29/05/2024 0:00,70,271,45.3,29.3,31.3,21.33,25.3
29.6,29/05/2024 1:00,71,257.2,41.7,29.7,31.7,21.67,22.7
29.6,29/05/2024 2:00,72,243.4,38,30,32,22,20
28.5,29/05/2024 3:00,73,221.6,35.3,28.7,33.3,22.67,18
28.1,29/05/2024 4:00,74,199.8,32.7,27.3,34.7,23.33,16
27.8,29/05/2024 5:00,76,178,30,26,36,24,14
28.5,29/05/2024 6:00,77,172.4,24.3,53.7,36.7,24.33,15.3
32.6,29/05/2024 7:00,77,166.7,18.7,81.3,37.3,24.67,16.7
33.7,29/05/2024 8:00,78,161.1,13,109,38,25,18
35.2,29/05/2024 9:00,74,135.2,9.3,132.3,36.7,23.33,16
40.4,29/05/2024 10:00,95,109.3,5.7,155.7,35.3,21.67,14
41.5,29/05/2024 11:00,106,83.5,2,179,34,20,12
42.6,29/05/2024 12:00,104,77.8,2,173,33.7,18.67,11.7
44.8,29/05/2024 13:00,102,72.2,2,167,33.3,17.33,11.3
45.6,29/05/2024 14:00,100,66.5,2,161,33,16,11
44.8,29/05/2024 15:00,94,74.1,3.7,155.3,36.3,18,11
44.4,29/05/2024 16:00,87,81.7,5.3,149.7,39.7,20,11
44.4,29/05/2024 17:00,80,89.3,7,144,43,22,11
43.7,29/05/2024 18:00,81,104.1,10,130.3,47.7,26.33,12.3
39.3,29/05/2024 19:00,90,118.9,13,116.7,52.3,30.67,13.7
38.1,29/05/2024 20:00,100,133.6,16,103,57,35,15
37,29/05/2024 21:00,99,126.1,14.7,99,55.7,34.67,14.7
34.8,29/05/2024 22:00,98,118.5,13.3,95,54.3,34.33,14.3
34.1,29/05/2024 23:00,98,110.9,12,91,53,34,14
34.1,30/05/2024 0:00,87,106.2,12.3,85.7,45.3,29.33,13
31.5,30/05/2024 1:00,77,101.5,12.7,80.3,37.7,24.67,12
30.7,30/05/2024 2:00,67,96.9,13,75,30,20,11
29.6,30/05/2024 3:00,66,98,13,71.3,29.3,19.33,11.3
29.6,30/05/2024 4:00,64,99.2,13,67.7,28.7,18.67,11.7
29.6,30/05/2024 5:00,63,100.4,13,64,28,18,12
29.6,30/05/2024 6:00,67,105,12,77.7,32.3,20,13.7
32.6,30/05/2024 7:00,72,109.7,11,91.3,36.7,22,15.3
34.1,30/05/2024 8:00,76,114.4,10,105,41,24,17
35.6,30/05/2024 9:00,77,100.4,7.3,123,51,24.33,16.3
40,30/05/2024 10:00,77,86.4,4.7,141,61,24.67,15.7
41.1,30/05/2024 11:00,99,72.4,2,159,71,25,15
41.9,30/05/2024 12:00,98,69.3,1.7000000000000002,158.3,68,23,14.3
44.1,30/05/2024 13:00,97,66.1,1.3,157.7,65,21,13.7
44.4,30/05/2024 14:00,96,63,1,157,62,19,13
43.7,30/05/2024 15:00,95,70.6,2,156.3,56,18.33,12.3
44.1,30/05/2024 16:00,95,78.2,3,155.7,50,17.67,11.7
43.7,30/05/2024 17:00,94,85.8,4,155,44,17,11
43.3,30/05/2024 18:00,74,104.5,8,139,44,20,12.7
39.6,30/05/2024 19:00,74,123.1,12,123,44,23,14.3
37.8,30/05/2024 20:00,80,141.8,16,107,44,26,16
35.2,30/05/2024 21:00,81,134,14,107.3,44.7,26.33,15.7
32.6,30/05/2024 22:00,82,126.3,12,107.7,45.3,26.67,15.3
32.6,30/05/2024 23:00,82,118.5,10,108,46,27,15
32.6,31/05/2024 0:00,81,119.1,11,97.3,45.3,26.33,14.7
31.1,31/05/2024 1:00,80,119.6,12,86.7,44.7,25.67,14.3
30.7,31/05/2024 2:00,78,120.2,13,76,44,25,14
30,31/05/2024 3:00,78,125.9,14.7,67,44.3,25,13.7
30,31/05/2024 4:00,78,131.5,16.3,58,44.7,25,13.3
28.9,31/05/2024 5:00,78,137.1,18,49,45,25,13
28.9,31/05/2024 6:00,82,146.9,16.3,69,49.7,27,15
32.2,31/05/2024 7:00,87,156.6,14.7,89,54.3,29,17
33,31/05/2024 8:00,91,166.3,13,109,59,31,19
34.8,31/05/2024 9:00,84,137.9,9.3,130.3,55,27.67,16.7
40,31/05/2024 10:00,90,109.5,5.7,151.7,51,24.33,14.3
41.1,31/05/2024 11:00,104,81.1,2,173,47,21,12
42.2,31/05/2024 12:00,104,79.8,2,173,47.7,21.33,12.3
44.8,31/05/2024 13:00,104,78.4,2,173,48.3,21.67,12.7
44.8,31/05/2024 14:00,104,77,2,173,49,22,13
44.8,31/05/2024 15:00,103,82.5,3,171.3,51.3,22.33,14.3
44.8,31/05/2024 16:00,103,87.9,4,169.7,53.7,22.67,15.7
44.8,31/05/2024 17:00,102,93.4,5,168,56,23,17
44.4,31/05/2024 18:00,85,114.4,9.7,147.7,58.7,27.67,17.3
39.3,31/05/2024 19:00,94,135.4,14.3,127.3,61.3,32.33,17.7
38.1,31/05/2024 20:00,104,156.4,19,107,64,37,18
37.4,31/05/2024 21:00,98,149.4,18,102,58,34.33,17
35.9,31/05/2024 22:00,92,142.4,17,97,52,31.67,16
35.2,31/05/2024 23:00,87,135.4,16,92,46,29,15
35.2,01/06/2024 0:00,82,132.5,16.7,80.7,43,27,14.3
33.3,01/06/2024 1:00,78,129.6,17.3,69.3,40,25,13.7
32.2,01/06/2024 2:00,74,126.6,18,58,37,23,13
31.5,01/06/2024 3:00,72,125.5,18.7,50.7,36,22.33,12.7
31.1,01/06/2024 4:00,71,124.3,19.3,43.3,35,21.67,12.3
30,01/06/2024 5:00,69,123.1,20,36,34,21,12
30.4,01/06/2024 6:00,71,125.7,17.3,56,36,21.67,13.7
32.6,01/06/2024 7:00,72,128.2,14.7,76,38,22.33,15.3
34.1,01/06/2024 8:00,74,130.7,12,96,40,23,17
35.6,01/06/2024 9:00,73,114.2,8.7,120.7,43.3,22.67,15.3
39.6,01/06/2024 10:00,82,97.7,5.3,145.3,46.7,22.33,13.7
40.7,01/06/2024 11:00,103,81.1,2,170,50,22,12
41.5,01/06/2024 12:00,103,80,2,170,50.3,21.33,13
44.1,01/06/2024 13:00,103,78.8,2,170,50.7,20.67,14
44.4,01/06/2024 14:00,103,77.6,2,170,51,20,15
44.1,01/06/2024 15:00,102,80.3,2.7,166.3,50.7,19.67,13.3
43.7,01/06/2024 16:00,101,83.1,3.3,162.7,50.3,19.33,11.7
44.1,01/06/2024 17:00,99,85.8,4,159,50,19,10
43.3,01/06/2024 18:00,88,93,6,150.3,47.7,21,10.7
38.9,01/06/2024 19:00,77,100.2,8,141.7,45.3,23,11.3
36.3,01/06/2024 20:00,78,107.4,10,133,43,25,12
36.7,01/06/2024 21:00,77,107.6,10.3,124.7,41.3,24.67,12
33,01/06/2024 22:00,77,107.8,10.7,116.3,39.7,24.33,12
34.1,01/06/2024 23:00,76,108,11,108,38,24,12
32.2,02/06/2024 0:00,80,119.6,16.3,92.3,41,25.67,13
30.7,02/06/2024 1:00,83,131.3,21.7,76.7,44,27.33,14
30.7,02/06/2024 2:00,87,143,27,61,47,29,15
27,02/06/2024 3:00,85,151.2,28.3,48.3,47,28,15
27.8,02/06/2024 4:00,82,159.3,29.7,35.7,47,27,15
28.1,02/06/2024 5:00,80,167.5,31,23,47,26,15
28.9,02/06/2024 6:00,82,164.6,25,51.3,52,27,17
31.9,02/06/2024 7:00,85,161.7,19,79.7,57,28,19
32.6,02/06/2024 8:00,87,158.7,13,108,62,29,21
34.8,02/06/2024 9:00,93,140.5,9.7,134,79,32,24.7
38.9,02/06/2024 10:00,100,122.2,6.3,160,96,35,28.3
39.3,02/06/2024 11:00,108,103.9,3,186,113,38,32
40,02/06/2024 12:00,107,98,2.7,183.7,107.3,34.67,29.7
42.6,02/06/2024 13:00,106,92.2,2.3,181.3,101.7,31.33,27.3
43.3,02/06/2024 14:00,106,86.4,2,179,96,28,25
43,02/06/2024 15:00,104,87.9,2.3,174.7,89,27.67,21
43.3,02/06/2024 16:00,103,89.5,2.7,170.3,82,27.33,17
43.3,02/06/2024 17:00,102,91,3,166,75,27,13
41.9,02/06/2024 18:00,86,117.5,9,141,71.7,28.67,15
37.8,02/06/2024 19:00,90,144,15,116,68.3,30.33,17
35.9,02/06/2024 20:00,93,170.4,21,91,65,32,19
35.2,02/06/2024 21:00,98,178.8,23,80.7,71.3,34.33,20
33,02/06/2024 22:00,103,187.1,25,70.3,77.7,36.67,21
32.6,02/06/2024 23:00,110,195.5,27,60,84,39,22
32.6,03/06/2024 0:00,112,200.6,29.7,48.7,85.7,39.67,20
30,03/06/2024 1:00,113,205.6,32.3,37.3,87.3,40.33,18
29.6,03/06/2024 2:00,115,210.7,35,26,89,41,16
30,03/06/2024 3:00,113,213.6,36,20.7,84,40.33,15.3
29.6,03/06/2024 4:00,112,216.5,37,15.3,79,39.67,14.7
28.9,03/06/2024 5:00,110,219.4,38,10,74,39,14
30.4,03/06/2024 6:00,112,215.9,31.7,41.3,78.7,40,17
33.7,03/06/2024 7:00,115,212.4,25.3,72.7,83.3,41,20
34.8,03/06/2024 8:00,118,208.9,19,104,88,42,23
36.3,03/06/2024 9:00,111,173.7,13.7,130.7,98.7,39.33,25
40.7,03/06/2024 10:00,103,138.5,8.3,157.3,109.3,36.67,27
41.5,03/06/2024 11:00,107,103.3,3,184,120,34,29
42.2,03/06/2024 12:00,105,94.5,2.7,178,110.7,31.33,26.7
44.4,03/06/2024 13:00,104,85.8,2.3,172,101.3,28.67,24.3
44.8,03/06/2024 14:00,102,77,2,166,92,26,22
43.7,03/06/2024 15:00,101,80.9,3,165,85.7,25.67,21
43.3,03/06/2024 16:00,101,84.8,4,164,79.3,25.33,20
43.7,03/06/2024 17:00,101,88.7,5,163,73,25,19
41.9,03/06/2024 18:00,89,94.3,6.7,151,69.3,26.33,20.7
37.4,03/06/2024 19:00,84,100,8.3,139,65.7,27.67,22.3
34.8,03/06/2024 20:00,87,105.6,10,127,62,29,24
33.7,03/06/2024 21:00,92,116.9,12.3,112.7,66.3,31.33,23
31.1,03/06/2024 22:00,97,128.2,14.7,98.3,70.7,33.67,22
30.4,03/06/2024 23:00,102,139.5,17,84,75,36,21
29.6,04/06/2024 0:00,102,149.2,21.7,68.3,73.3,36,20
28.5,04/06/2024 1:00,102,158.9,26.3,52.7,71.7,36,19
29.6,04/06/2024 2:00,102,168.7,31,37,70,36,18
28.5,04/06/2024 3:00,106,181.9,33.3,31.7,73,37.67,19.3
28.5,04/06/2024 4:00,111,195.1,35.7,26.3,76,39.33,20.7
28.9,04/06/2024 5:00,115,208.3,38,21,79,41,22
28.9,04/06/2024 6:00,116,201.3,30.7,49,79.7,41.33,24.7
31.9,04/06/2024 7:00,117,194.3,23.3,77,80.3,41.67,27.3
32.2,04/06/2024 8:00,118,187.3,16,105,81,42,30
34.8,04/06/2024 9:00,114,157.8,11.7,131.3,88.3,40.67,34
38.9,04/06/2024 10:00,111,128.2,7.3,157.7,95.7,39.33,38
39.6,04/06/2024 11:00,107,98.6,3,184,103,38,42
40,04/06/2024 12:00,106,92,2.7,180.3,96,35,38.7
42.2,04/06/2024 13:00,105,85.4,2.3,176.7,89,32,35.3
43,04/06/2024 14:00,104,78.8,2,173,82,29,32
41.9,04/06/2024 15:00,103,79.6,2.3,170.7,79,28.33,27
41.1,04/06/2024 16:00,102,80.3,2.7,168.3,76,27.67,22
38.5,04/06/2024 17:00,102,81.1,3,166,73,27,17
37,04/06/2024 18:00,85,97.5,7,148,68.3,28,20.3
36.7,04/06/2024 19:00,87,113.8,11,130,63.7,29,23.7
35.6,04/06/2024 20:00,89,130.1,15,112,59,30,27
36.3,04/06/2024 21:00,92,142.4,18.3,99,61,31.33,32.7
33.3,04/06/2024 22:00,95,154.7,21.7,86,63,32.67,38.3
33,04/06/2024 23:00,98,166.9,25,73,65,34,44
33,05/06/2024 0:00,101,181.9,30,56.7,69.3,35.67,39
31.9,05/06/2024 1:00,105,196.9,35,40.3,73.7,37.33,34
31.5,05/06/2024 2:00,110,211.8,40,24,78,39,29
30,05/06/2024 3:00,99,169.8,29.7,45.3,68,34.67,23
29.3,05/06/2024 4:00,90,127.8,19.3,66.7,58,30.33,17
28.5,05/06/2024 5:00,80,85.8,9,88,48,26,11
29.6,05/06/2024 6:00,82,89.9,8.7,95,50.7,27,12.3
31.9,05/06/2024 7:00,85,94,8.3,102,53.3,28,13.7
33.7,05/06/2024 8:00,87,98,8,109,56,29,15
35.2,05/06/2024 9:00,87,88.9,6,124,61,29,13.3
38.5,05/06/2024 10:00,87,79.8,4,139,66,29,11.7
39.3,05/06/2024 11:00,92,70.6,2,154,71,29,10
39.6,05/06/2024 12:00,95,74.1,2.3,156.3,73.3,29.67,13.7
39.3,05/06/2024 13:00,98,77.6,2.7,158.7,75.7,30.33,17.3
38.1,05/06/2024 14:00,100,81.1,3,161,78,31,21
39.3,05/06/2024 15:00,108,81.7,4,147.7,104,38.33,18.7
38.5,05/06/2024 16:00,128,82.3,5,134.3,130,45.67,16.3
37,05/06/2024 17:00,148,82.9,6,121,156,53,14
35.6,05/06/2024 18:00,137,88.9,7.7,111.7,132.7,49,14.3
33.3,05/06/2024 19:00,126,94.9,9.3,102.3,109.3,45,14.7
28.9,05/06/2024 20:00,115,101,11,93,86,41,15
27.4,05/06/2024 21:00,112,101.4,11,87,80,39.67,14.7
27,05/06/2024 22:00,108,101.7,11,81,74,38.33,14.3
25.6,05/06/2024 23:00,104,102.1,11,75,68,37,14
25.9,06/06/2024 0:00,100,102.3,13.7,66.3,64,35.33,13.3
25.6,06/06/2024 1:00,97,102.5,16.3,57.7,60,33.67,12.7
25.2,06/06/2024 2:00,93,102.7,19,49,56,32,12
24.8,06/06/2024 3:00,93,108.5,20.7,43,56.7,32,12.7
24.4,06/06/2024 4:00,93,114.4,22.3,37,57.3,32,13.3
24.4,06/06/2024 5:00,93,120.2,24,31,58,32,14
24.8,06/06/2024 6:00,92,123.7,20.3,47,58,31.67,16.3
27.4,06/06/2024 7:00,92,127.2,16.7,63,58,31.33,18.7
28.1,06/06/2024 8:00,91,130.7,13,79,58,31,21
29.6,06/06/2024 9:00,96,117.5,9.3,106.7,78,33.33,21.7
33,06/06/2024 10:00,101,104.3,5.7,134.3,98,35.67,22.3
34.1,06/06/2024 11:00,107,91,2,162,118,38,23
35.2,06/06/2024 12:00,109,88.3,2,163.7,121,38.67,22
37.4,06/06/2024 13:00,111,85.6,2,165.3,124,39.33,21
38.1,06/06/2024 14:00,112,82.9,2,167,127,40,20
38.1,06/06/2024 15:00,112,79.6,2.3,166.7,125,39.67,18.7
38.1,06/06/2024 16:00,111,76.3,2.7,166.3,123,39.33,17.3
37.8,06/06/2024 17:00,110,73,3,166,121,39,16
37.8,06/06/2024 18:00,114,119.8,14,143,112.7,40.67,21.3
34.4,06/06/2024 19:00,119,166.7,25,120,104.3,42.33,26.7
32.6,06/06/2024 20:00,123,213.6,36,97,96,44,32
31.9,06/06/2024 21:00,120,260.9,44.7,74.7,91.7,42.67,35.3
29.3,06/06/2024 22:00,116,308.1,53.3,52.3,87.3,41.33,38.7
28.9,06/06/2024 23:00,112,355.4,62,30,83,40,42
28.5,07/06/2024 0:00,109,328.2,57,27,79,38.67,35.7
27.4,07/06/2024 1:00,105,300.9,52,24,75,37.33,29.3
27.4,07/06/2024 2:00,102,273.7,47,21,71,36,23
26.7,07/06/2024 3:00,103,229.4,39,25.3,69.7,36.33,20
26.3,07/06/2024 4:00,103,185,31,29.7,68.3,36.67,17
26.3,07/06/2024 5:00,104,140.6,23,34,67,37,14
26.3,07/06/2024 6:00,101,139.1,19.7,54,64.3,35.67,15.7
28.9,07/06/2024 7:00,98,137.5,16.3,74,61.7,34.33,17.3
29.3,07/06/2024 8:00,95,136,13,94,59,33,19
30.4,07/06/2024 9:00,96,115.7,9.3,113.7,71,33.33,18.3
34.1,07/06/2024 10:00,97,95.5,5.7,133.3,83,33.67,17.7
35.2,07/06/2024 11:00,98,75.3,2,153,95,34,17
35.9,07/06/2024 12:00,98,73.7,1.7000000000000002,152.3,94.7,34.33,16.7
37.8,07/06/2024 13:00,99,72.2,1.3,151.7,94.3,34.67,16.3
38.1,07/06/2024 14:00,100,70.6,1,151,94,35,16
38.5,07/06/2024 15:00,98,70,1.7000000000000002,151.3,94,34.33,17
38.9,07/06/2024 16:00,97,69.4,2.3,151.7,94,33.67,18
38.5,07/06/2024 17:00,95,68.9,3,152,94,33,19
37.4,07/06/2024 18:00,98,81.7,6,136,89,34.33,20.3
34.8,07/06/2024 19:00,101,94.5,9,120,84,35.67,21.7
33.3,07/06/2024 20:00,104,107.4,12,104,79,37,23
32.2,07/06/2024 21:00,106,110.7,12.3,96.3,76.3,37.67,22
30.4,07/06/2024 22:00,108,114,12.7,88.7,73.7,38.33,21
30.4,07/06/2024 23:00,110,117.3,13,81,71,39,20
30.4,08/06/2024 0:00,108,114.6,14.3,73.7,69.3,38.33,18.7
29.6,08/06/2024 1:00,106,111.9,15.7,66.3,67.7,37.67,17.3
28.9,08/06/2024 2:00,104,109.1,17,59,66,37,16
27.8,08/06/2024 3:00,106,114.8,18.3,50.7,67.7,37.67,15.7
27.8,08/06/2024 4:00,108,120.4,19.7,42.3,69.3,38.33,15.3
27.8,08/06/2024 5:00,110,126.1,21,34,71,39,15
27.8,08/06/2024 6:00,105,126.8,18.3,52.3,68,37.33,17
29.3,08/06/2024 7:00,101,127.6,15.7,70.7,65,35.67,19
29.6,08/06/2024 8:00,98,128.4,13,89,62,34,21
30.7,08/06/2024 9:00,92,109.9,9.3,110.7,59.7,31.33,19
34.1,08/06/2024 10:00,86,91.4,5.7,132.3,57.3,28.67,17
34.8,08/06/2024 11:00,92,73,2,154,55,26,15
35.6,08/06/2024 12:00,89,69.6,1.7000000000000002,151.3,51.7,24.33,13.3
38.1,08/06/2024 13:00,86,66.3,1.3,148.7,48.3,22.67,11.7
38.5,08/06/2024 14:00,82,63,1,146,45,21,10
39.3,08/06/2024 15:00,81,63,1.3,145,42,20.33,9.3
39.3,08/06/2024 16:00,80,63,1.7000000000000002,144,39,19.67,8.7
38.9,08/06/2024 17:00,79,63,2,143,36,19,8
38.1,08/06/2024 18:00,67,88.7,8.3,122.3,35.3,20,10.3
34.4,08/06/2024 19:00,69,114.4,14.7,101.7,34.7,21,12.7
33.7,08/06/2024 20:00,72,140.1,21,81,34,22,15
32.6,08/06/2024 21:00,72,135.2,19.3,79,34.3,22,15
31.9,08/06/2024 22:00,72,130.3,17.7,77,34.7,22,15
31.9,08/06/2024 23:00,72,125.5,16,75,35,22,15
30,09/06/2024 0:00,71,127.6,18.7,65.7,34.3,21.67,14.7
27.4,09/06/2024 1:00,70,129.8,21.3,56.3,33.7,21.33,14.3
27,09/06/2024 2:00,69,131.9,24,47,33,21,14
25.9,09/06/2024 3:00,69,119.2,21.3,48.7,33,20.67,12.7
25.2,09/06/2024 4:00,68,106.6,18.7,50.3,33,20.33,11.3
25.2,09/06/2024 5:00,67,94,16,52,33,20,10
25.6,09/06/2024 6:00,69,99.8,14,69.7,34.7,21,12
30,09/06/2024 7:00,72,105.6,12,87.3,36.3,22,14
31.9,09/06/2024 8:00,74,111.5,10,105,38,23,16
33,09/06/2024 9:00,67,95.5,7.3,124.3,33,19.67,13.7
37.4,09/06/2024 10:00,80,79.6,4.7,143.7,28,16.33,11.3
38.5,09/06/2024 11:00,101,63.6,2,163,23,13,9
38.9,09/06/2024 12:00,100,61.9,1.7000000000000002,160.7,22.3,12.67,8
40.7,09/06/2024 13:00,98,60.1,1.3,158.3,21.7,12.33,7
41.1,09/06/2024 14:00,95,58.4,1,156,21,12,6
41.1,09/06/2024 15:00,95,58.7,1.3,155.7,19,10.67,6.3
41.9,09/06/2024 16:00,94,59.1,1.7000000000000002,155.3,17,9.33,6.7
41.5,09/06/2024 17:00,94,59.5,2,155,15,8,7
41.5,09/06/2024 18:00,73,79.4,6.7,138.7,17.3,10.33,10.7
37,09/06/2024 19:00,53,99.2,11.3,122.3,19.7,12.67,14.3
35.6,09/06/2024 20:00,56,119.1,16,106,22,15,18
34.8,09/06/2024 21:00,60,130.5,17.7,93.3,24.7,16.67,18.3
31.9,09/06/2024 22:00,64,142,19.3,80.7,27.3,18.33,18.7
31.1,09/06/2024 23:00,67,153.5,21,68,30,20,19
30.7,10/06/2024 0:00,69,155,23,58,31.3,20.67,18
29.3,10/06/2024 1:00,70,156.6,25,48,32.7,21.33,17
28.9,10/06/2024 2:00,72,158.2,27,38,34,22,16
26.7,10/06/2024 3:00,77,164.6,30.3,34.3,41.3,24.67,17
26.3,10/06/2024 4:00,83,171,33.7,30.7,48.7,27.33,18
25.9,10/06/2024 5:00,89,177.4,37,27,56,30,19
27.4,10/06/2024 6:00,91,174.1,29.7,50.7,59,31,22.3
30.4,10/06/2024 7:00,93,170.8,22.3,74.3,62,32,25.7
32.2,10/06/2024 8:00,95,167.5,15,98,65,33,29
33.3,10/06/2024 9:00,89,143,11,122.7,60,30,25
38.5,10/06/2024 10:00,84,118.5,7,147.3,55,27,21
39.3,10/06/2024 11:00,104,94,3,172,50,24,17
40,10/06/2024 12:00,102,83.5,2.3,167.7,42.3,20.33,14.7
42.2,10/06/2024 13:00,101,72.9,1.7000000000000002,163.3,34.7,16.67,12.3
42.6,10/06/2024 14:00,99,62.4,1,159,27,13,10
43,10/06/2024 15:00,100,64.4,1.7000000000000002,161.3,23.3,11.67,10
43,10/06/2024 16:00,101,66.3,2.3,163.7,19.7,10.33,10
42.2,10/06/2024 17:00,102,68.3,3,166,16,9,10
42.2,10/06/2024 18:00,76,100.8,10.7,141,19.3,11.67,12.7
37.4,10/06/2024 19:00,55,133.3,18.3,116,22.7,14.33,15.3
36.3,10/06/2024 20:00,61,165.7,26,91,26,17,18
35.2,10/06/2024 21:00,66,197.1,32,73.3,29.3,19.33,20.3
32.6,10/06/2024 22:00,71,228.4,38,55.7,32.7,21.67,22.7
32.6,10/06/2024 23:00,76,259.7,44,38,36,24,25
31.1,11/06/2024 0:00,78,257.4,45,30.3,37.3,25,22.3
29.6,11/06/2024 1:00,80,255,46,22.7,38.7,26,19.7
29.3,11/06/2024 2:00,82,252.7,47,15,40,27,17
27.8,11/06/2024 3:00,85,250,46.7,13,41.3,28,16.3
27.4,11/06/2024 4:00,87,247.3,46.3,11,42.7,29,15.7
28.5,11/06/2024 5:00,89,244.5,46,9,44,30,15
28.5,11/06/2024 6:00,92,229,36.3,47.3,46.3,31.33,17.3
31.9,11/06/2024 7:00,95,213.4,26.7,85.7,48.7,32.67,19.7
34.1,11/06/2024 8:00,98,197.8,17,124,51,34,22
35.2,11/06/2024 9:00,87,162,12.3,145,45,29,19.7
39.6,11/06/2024 10:00,102,126.3,7.7,166,39,24,17.3
40.4,11/06/2024 11:00,108,90.5,3,187,33,19,15
40.7,11/06/2024 12:00,107,83.5,2.3,182.7,28,16.33,13.7
43.3,11/06/2024 13:00,105,76.5,1.7000000000000002,178.3,23,13.67,12.3
43.7,11/06/2024 14:00,104,69.4,1,174,18,11,11
44.1,11/06/2024 15:00,104,71.2,1.7000000000000002,172,17.7,10.67,10.3
44.1,11/06/2024 16:00,103,72.9,2.3,170,17.3,10.33,9.7
44.1,11/06/2024 17:00,102,74.7,3,168,17,10,9
44.1,11/06/2024 18:00,76,114.8,12.7,141,21,13,12.7
39.3,11/06/2024 19:00,59,154.8,22.3,114,25,16,16.3
37.4,11/06/2024 20:00,65,194.9,32,87,29,19,20
36.3,11/06/2024 21:00,67,230.3,39.3,68.7,30.3,20,23.3
33,11/06/2024 22:00,69,265.7,46.7,50.3,31.7,21,26.7
32.2,11/06/2024 23:00,72,301.1,54,32,33,22,30
31.9,12/06/2024 0:00,77,301.7,57.3,23,36.3,24.33,28.3
30.4,12/06/2024 1:00,82,302.3,60.7,14,39.7,26.67,26.7
30.4,12/06/2024 2:00,87,302.9,64,5,43,29,25
29.3,12/06/2024 3:00,89,281.5,57.7,7.3,44.7,30,22
29.3,12/06/2024 4:00,91,260.1,51.3,9.7,46.3,31,19
30,12/06/2024 5:00,93,238.7,45,12,48,32,16
30,12/06/2024 6:00,97,230.3,37,47.3,50.7,33.67,18.7
33.3,12/06/2024 7:00,100,222,29,82.7,53.3,35.33,21.3
34.4,12/06/2024 8:00,104,213.6,21,118,56,37,24
36.3,12/06/2024 9:00,93,175.9,15,144.3,50,32,23.3
41.1,12/06/2024 10:00,103,138.1,9,170.7,44,27,22.7
41.9,12/06/2024 11:00,111,100.4,3,197,38,22,22
42.2,12/06/2024 12:00,109,92.8,2.3,189.3,38.3,20.33,20
44.8,12/06/2024 13:00,106,85.2,1.7000000000000002,181.7,38.7,18.67,18
45.2,12/06/2024 14:00,104,77.6,1,174,39,17,16
44.8,12/06/2024 15:00,103,77,1.7000000000000002,168.7,38,17,14.3
45.2,12/06/2024 16:00,101,76.5,2.3,163.3,37,17,12.7
45.2,12/06/2024 17:00,98,75.9,3,158,36,17,11
44.4,12/06/2024 18:00,68,108,11,134,39,19.67,14.3
40.7,12/06/2024 19:00,72,140.1,19,110,42,22.33,17.7
37.8,12/06/2024 20:00,78,172.2,27,86,45,25,21
37,12/06/2024 21:00,84,197.1,31.7,73,50.7,27.67,23.7
34.8,12/06/2024 22:00,90,222,36.3,60,56.3,30.33,26.3
34.1,12/06/2024 23:00,95,246.9,41,47,62,33,29
34.4,13/06/2024 0:00,95,240.1,41.3,40.3,58.3,32.67,26
33.7,13/06/2024 1:00,94,233.2,41.7,33.7,54.7,32.33,23
33.3,13/06/2024 2:00,93,226.4,42,27,51,32,20
30,13/06/2024 3:00,90,203.9,38.7,24.3,47.7,30.33,17.3
31.9,13/06/2024 4:00,86,181.3,35.3,21.7,44.3,28.67,14.7
31.5,13/06/2024 5:00,82,158.7,32,19,41,27,12
30.4,13/06/2024 6:00,84,155.8,26.7,46.3,42,27.67,14.3
33.7,13/06/2024 7:00,85,152.9,21.3,73.7,43,28.33,16.7
35.2,13/06/2024 8:00,87,150,16,101,44,29,19
37.4,13/06/2024 9:00,87,127.8,11.7,127.7,49,29,17.7
41.1,13/06/2024 10:00,93,105.6,7.3,154.3,54,29,16.3
41.9,13/06/2024 11:00,106,83.5,3,181,59,29,15
42.2,13/06/2024 12:00,106,81.9,2.7,180.3,59.7,28,16.3
43.3,13/06/2024 13:00,106,80.3,2.3,179.7,60.3,27,17.7
43.7,13/06/2024 14:00,106,78.8,2,179,61,26,19
44.1,13/06/2024 15:00,105,79.6,2.3,176,63,26,17.3
44.1,13/06/2024 16:00,104,80.3,2.7,173,65,26,15.7
43.3,13/06/2024 17:00,103,81.1,3,170,67,26,14
41.9,13/06/2024 18:00,83,122.9,13,141,62.7,27.33,17.3
37,13/06/2024 19:00,86,164.8,23,112,58.3,28.67,20.7
38.1,13/06/2024 20:00,89,206.6,33,83,54,30,24
37.8,13/06/2024 21:00,94,239.5,39,65.7,58,32.33,26
35.2,13/06/2024 22:00,99,272.3,45,48.3,62,34.67,28
34.8,13/06/2024 23:00,104,305.2,51,31,66,37,30
33,14/06/2024 0:00,104,284.6,47,29.3,64.3,37,26.3
31.5,14/06/2024 1:00,104,264,43,27.7,62.7,37,22.7
32.6,14/06/2024 2:00,104,243.4,39,26,61,37,19
30.4,14/06/2024 3:00,98,210.9,36,25,55.3,34,16.7
29.6,14/06/2024 4:00,91,178.4,33,24,49.7,31,14.3
28.5,14/06/2024 5:00,85,145.9,30,23,44,28,12
28.9,14/06/2024 6:00,87,148,25,46,47.3,29.33,14.7
32.2,14/06/2024 7:00,90,150.2,20,69,50.7,30.67,17.3
33.3,14/06/2024 8:00,93,152.3,15,92,54,32,20
35.2,14/06/2024 9:00,90,128.6,10.7,116.7,53,30.67,17
39.6,14/06/2024 10:00,87,104.9,6.3,141.3,52,29.33,14
40.7,14/06/2024 11:00,102,81.1,2,166,51,28,11
41.1,14/06/2024 12:00,101,78.8,1.7000000000000002,163.7,49,26,11.7
42.2,14/06/2024 13:00,100,76.5,1.3,161.3,47,24,12.3
43,14/06/2024 14:00,99,74.1,1,159,45,22,13
43.3,14/06/2024 15:00,90,71.6,1.7000000000000002,152.3,44.3,20.33,12.7
43.7,14/06/2024 16:00,82,69.1,2.3,145.7,43.7,18.67,12.3
43.3,14/06/2024 17:00,74,66.5,3,139,43,17,12
43,14/06/2024 18:00,65,94,9.3,119.3,42.3,19,14.7
40,14/06/2024 19:00,69,121.4,15.7,99.7,41.7,21,17.3
38.9,14/06/2024 20:00,74,148.8,22,80,41,23,20
37.8,14/06/2024 21:00,81,186.9,30,63,47.3,26.33,22
35.2,14/06/2024 22:00,88,225.1,38,46,53.7,29.67,24
34.4,14/06/2024 23:00,95,263.2,46,29,60,33,26
33.7,15/06/2024 0:00,99,253.7,46.7,25,60.7,34.67,23.7
32.2,15/06/2024 1:00,103,244.1,47.3,21,61.3,36.33,21.3
31.5,15/06/2024 2:00,107,234.6,48,17,62,38,19
31.9,15/06/2024 3:00,103,217.7,46.3,15.3,58.3,36.33,17.7
31.5,15/06/2024 4:00,99,200.8,44.7,13.7,54.7,34.67,16.3
30,15/06/2024 5:00,95,183.8,43,12,51,33,15
30.4,15/06/2024 6:00,95,172.9,33.7,42,53.3,32.67,17
33.7,15/06/2024 7:00,94,162,24.3,72,55.7,32.33,19
35.2,15/06/2024 8:00,93,151.2,15,102,58,32,21
36.3,15/06/2024 9:00,92,129,10.7,122.3,61.3,31.33,22
40,15/06/2024 10:00,90,106.8,6.3,142.7,64.7,30.67,23
41.1,15/06/2024 11:00,101,84.6,2,163,68,30,24
41.5,15/06/2024 12:00,100,81.1,2,161,64.3,28,23.3
43.7,15/06/2024 13:00,99,77.6,2,159,60.7,26,22.7
44.1,15/06/2024 14:00,96,74.1,2,157,57,24,22
43.7,15/06/2024 15:00,90,72.6,2,151.7,50,21.33,18.7
44.1,15/06/2024 16:00,83,71,2,146.3,43,18.67,15.3
43.7,15/06/2024 17:00,76,69.4,2,141,36,16,12
43.7,15/06/2024 18:00,62,94.9,8.7,122.7,36,17.67,15.3
41.1,15/06/2024 19:00,66,120.4,15.3,104.3,36,19.33,18.7
39.6,15/06/2024 20:00,69,145.9,22,86,36,21,22
38.5,15/06/2024 21:00,72,140.1,20.3,84,38,22.33,23
35.9,15/06/2024 22:00,75,134.2,18.7,82,40,23.67,24
35.9,15/06/2024 23:00,78,128.4,17,80,42,25,25
35.6,16/06/2024 0:00,79,132.7,20,69.3,43.3,25.33,24
34.1,16/06/2024 1:00,80,137,23,58.7,44.7,25.67,23
33.3,16/06/2024 2:00,80,141.2,26,48,46,26,22
30.7,16/06/2024 3:00,81,162.2,32.3,37.3,47.7,26.33,22
30.4,16/06/2024 4:00,82,183.3,38.7,26.7,49.3,26.67,22
30.4,16/06/2024 5:00,82,204.3,45,16,51,27,22
31.1,16/06/2024 6:00,82,196.9,36.7,43,51,27,26.7
34.4,16/06/2024 7:00,82,189.5,28.3,70,51,27,31.3
35.2,16/06/2024 8:00,82,182.1,20,97,51,27,36
36.3,16/06/2024 9:00,82,156.6,14.3,121.7,52.3,27,34
40.7,16/06/2024 10:00,83,131.1,8.7,146.3,53.7,27,32
41.9,16/06/2024 11:00,103,105.6,3,171,55,27,30
42.6,16/06/2024 12:00,102,98,2.3,166.7,50.3,24.67,26
44.8,16/06/2024 13:00,101,90.5,1.7000000000000002,162.3,45.7,22.33,22
45.2,16/06/2024 14:00,98,82.9,1,158,41,20,18
45.2,16/06/2024 15:00,91,81.3,1.7000000000000002,152.7,39,19.33,16
45.2,16/06/2024 16:00,84,79.8,2.3,147.3,37,18.67,14
45.2,16/06/2024 17:00,78,78.2,3,142,35,18,12
44.8,16/06/2024 18:00,64,109.5,10.7,124.7,34.3,18.67,15.7
41.9,16/06/2024 19:00,66,140.8,18.3,107.3,33.7,19.33,19.3
39.3,16/06/2024 20:00,67,172.2,26,90,33,20,23
37.8,16/06/2024 21:00,68,169.6,25.7,81.3,34,20.33,23.3
35.6,16/06/2024 22:00,69,167.1,25.3,72.7,35,20.67,23.7
35.6,16/06/2024 23:00,69,164.6,25,64,36,21,24
35.2,17/06/2024 0:00,72,174.9,30.3,51.3,38.3,22.33,23
33.7,17/06/2024 1:00,75,185.2,35.7,38.7,40.7,23.67,22
33.7,17/06/2024 2:00,78,195.5,41,26,43,25,21
30.7,17/06/2024 3:00,87,223.3,44,20,48,29.33,20.3
30.7,17/06/2024 4:00,97,251.1,47,14,53,33.67,19.7
30,17/06/2024 5:00,107,279,50,8,58,38,19
30.4,17/06/2024 6:00,108,259.3,39.7,48,60.7,38.33,22.3
32.2,17/06/2024 7:00,109,239.7,29.3,88,63.3,38.67,25.7
34.8,17/06/2024 8:00,110,220,19,128,66,39,29
37.4,17/06/2024 9:00,103,179.4,13.7,142.7,69.7,36.67,29.7
40,17/06/2024 10:00,98,138.7,8.3,157.3,73.3,34.33,30.3
42.2,17/06/2024 11:00,104,98,3,172,77,32,31
44.1,17/06/2024 12:00,101,90.1,2.3,164.7,69,28.67,27.7
45.2,17/06/2024 13:00,97,82.1,1.7000000000000002,157.3,61,25.33,24.3
45.9,17/06/2024 14:00,88,74.1,1,150,53,22,21
45.6,17/06/2024 15:00,81,74.1,1.7000000000000002,145,52.7,22.33,18.7
45.2,17/06/2024 16:00,75,74.1,2.3,140,52.3,22.67,16.3
44.1,17/06/2024 17:00,74,74.1,3,135,52,23,14
43,17/06/2024 18:00,75,87.5,6.7,121,49.7,23.67,15.3
41.1,17/06/2024 19:00,77,101,10.3,107,47.3,24.33,16.7
38.9,17/06/2024 20:00,78,114.4,14,93,45,25,18
37,17/06/2024 21:00,82,144.9,20.7,76.3,49,27,20
35.6,17/06/2024 22:00,87,175.5,27.3,59.7,53,29,22
35.2,17/06/2024 23:00,91,206,34,43,57,31,24
34.4,18/06/2024 0:00,92,193.9,32.3,40.3,56,31.67,21.3
33.3,18/06/2024 1:00,94,181.9,30.7,37.7,55,32.33,18.7
32.2,18/06/2024 2:00,95,169.8,29,35,54,33,16
30.7,18/06/2024 3:00,96,179,31.7,26.7,54.3,33.33,15.3
30,18/06/2024 4:00,97,188.1,34.3,18.3,54.7,33.67,14.7
25.9,18/06/2024 5:00,98,197.3,37,10,55,34,14
26.3,18/06/2024 6:00,100,193,30.7,40.7,58.7,35,17.3
27.4,18/06/2024 7:00,102,188.7,24.3,71.3,62.3,36,20.7
29.3,18/06/2024 8:00,104,184.4,18,102,66,37,24
31.5,18/06/2024 9:00,99,151.7,12.7,120.3,68.7,34.67,24.3
33.3,18/06/2024 10:00,94,119.1,7.3,138.7,71.3,32.33,24.7
37.8,18/06/2024 11:00,96,86.4,2,157,74,30,25
39.6,18/06/2024 12:00,95,82.9,2,155.7,72,29.67,23
41.9,18/06/2024 13:00,93,79.4,2,154.3,70,29.33,21
43,18/06/2024 14:00,91,75.9,2,153,68,29,19
43.7,18/06/2024 15:00,90,76.8,2.3,151.7,64.7,28,19
43.7,18/06/2024 16:00,88,77.8,2.7,150.3,61.3,27,19
43.3,18/06/2024 17:00,86,78.8,3,149,58,26,19
42.2,18/06/2024 18:00,81,89.7,6,134.7,55.7,26.33,21.7
40.4,18/06/2024 19:00,82,100.6,9,120.3,53.3,26.67,24.3
37.8,18/06/2024 20:00,82,111.5,12,106,51,27,27
36.3,18/06/2024 21:00,84,113.6,12.3,101,50.7,27.67,26.7
35.2,18/06/2024 22:00,85,115.7,12.7,96,50.3,28.33,26.3
34.4,18/06/2024 23:00,87,117.9,13,91,50,29,26
33.7,19/06/2024 0:00,89,127,18,78.3,51,30,25
33,19/06/2024 1:00,91,136.2,23,65.7,52,31,24
32.2,19/06/2024 2:00,93,145.3,28,53,53,32,23
31.5,19/06/2024 3:00,93,138.3,23.3,61.3,54.3,32,23
30,19/06/2024 4:00,93,131.3,18.7,69.7,55.7,32,23
29.6,19/06/2024 5:00,93,124.3,14,78,57,32,23
29.3,19/06/2024 6:00,95,118.1,12,89,57.7,32.67,24.3
30.4,19/06/2024 7:00,96,111.9,10,100,58.3,33.33,25.7
31.9,19/06/2024 8:00,98,105.6,8,111,59,34,27
34.8,19/06/2024 9:00,88,98.6,6,124.3,56.3,29.67,24.3
37.4,19/06/2024 10:00,79,91.6,4,137.7,53.7,25.33,21.7
38.1,19/06/2024 11:00,89,84.6,2,151,51,21,19
40.4,19/06/2024 12:00,83,78.6,2,146.7,60,21.67,17.3
42.2,19/06/2024 13:00,78,72.6,2,142.3,69,22.33,15.7
43.3,19/06/2024 14:00,74,66.5,2,138,78,23,14
43,19/06/2024 15:00,73,68.1,2.3,138.3,83,22.67,14.3
42.6,19/06/2024 16:00,73,69.6,2.7,138.7,88,22.33,14.7
41.1,19/06/2024 17:00,74,71.2,3,139,93,22,15
40.4,19/06/2024 18:00,85,93.6,8.3,123.7,97.3,28,17
38.5,19/06/2024 19:00,98,115.9,13.7,108.3,101.7,34,19
36.3,19/06/2024 20:00,112,138.3,19,93,106,40,21
34.8,19/06/2024 21:00,129,157,23.3,80,112.3,46,22
33.7,19/06/2024 22:00,145,175.7,27.7,67,118.7,52,23
33,19/06/2024 23:00,153,194.3,32,54,125,58,24
31.9,20/06/2024 0:00,150,188.5,31.7,48.7,111.7,54,21.3
28.9,20/06/2024 1:00,139,182.7,31.3,43.3,98.3,50,18.7
27.8,20/06/2024 2:00,129,176.8,31,38,85,46,16
27.8,20/06/2024 3:00,114,171.8,30.7,33.7,71.3,40.67,16.3
27.8,20/06/2024 4:00,100,166.7,30.3,29.3,57.7,35.33,16.7
27,20/06/2024 5:00,89,161.7,30,25,44,30,17
27.4,20/06/2024 6:00,93,156.8,25,48.3,53.3,32,25.3
29.3,20/06/2024 7:00,98,151.9,20,71.7,62.7,34,33.7
31.1,20/06/2024 8:00,102,147.1,15,95,72,36,42
32.6,20/06/2024 9:00,100,130.9,11,122.3,66,35,38
34.8,20/06/2024 10:00,98,114.8,7,149.7,60,34,34
37.8,20/06/2024 11:00,105,98.6,3,177,54,33,30
39.6,20/06/2024 12:00,106,95.7,2.7,178.7,59.3,33,27.3
40.4,20/06/2024 13:00,106,92.8,2.3,180.3,64.7,33,24.7
40,20/06/2024 14:00,107,89.9,2,182,70,33,22
39.6,20/06/2024 15:00,105,87.7,2.3,175.7,71,32.33,20
39.6,20/06/2024 16:00,103,85.6,2.7,169.3,72,31.67,18
38.5,20/06/2024 17:00,101,83.5,3,163,73,31,16
37.8,20/06/2024 18:00,100,128,14,137,76.3,35.33,20
36.7,20/06/2024 19:00,112,172.6,25,111,79.7,39.67,24
34.4,20/06/2024 20:00,123,217.1,36,85,83,44,28
33,20/06/2024 21:00,120,252.1,43,67.3,79.3,42.67,31
30.7,20/06/2024 22:00,116,287.1,50,49.7,75.7,41.33,34
32.2,20/06/2024 23:00,112,322.1,57,32,72,40,37
31.5,21/06/2024 0:00,112,325.5,59.3,25.7,72.7,40,34.7
30.7,21/06/2024 1:00,112,328.8,61.7,19.3,73.3,40,32.3
30,21/06/2024 2:00,112,332.1,64,13,74,40,30
29.6,21/06/2024 3:00,110,259.3,46.7,32.3,74,39,28.7
29.3,21/06/2024 4:00,107,186.6,29.3,51.7,74,38,27.3
27.4,21/06/2024 5:00,104,113.8,12,71,74,37,26
27.8,21/06/2024 6:00,111,116.1,11,78.3,81,39.33,26.7
29.3,21/06/2024 7:00,117,118.5,10,85.7,88,41.67,27.3
30.7,21/06/2024 8:00,123,120.8,9,93,95,44,28
31.9,21/06/2024 9:00,115,115.7,7,111.3,88,41,29
31.5,21/06/2024 10:00,107,110.7,5,129.7,81,38,30
34.1,21/06/2024 11:00,100,105.6,3,148,74,35,31
34.1,21/06/2024 12:00,101,101.7,2.7,153.3,78.3,35.67,29.7
34.8,21/06/2024 13:00,103,97.9,2.3,158.7,82.7,36.33,28.3
35.6,21/06/2024 14:00,104,94,2,164,87,37,27
35.9,21/06/2024 15:00,113,91.6,2.3,164,87.7,40.33,22.3
35.9,21/06/2024 16:00,122,89.3,2.7,164,88.3,43.67,17.7
34.4,21/06/2024 17:00,131,87,3,164,89,47,13
34.1,21/06/2024 18:00,137,122.6,12,142,90,49,16.3
33,21/06/2024 19:00,142,158.2,21,120,91,51,19.7
31.5,21/06/2024 20:00,148,193.8,30,98,92,53,23
30.4,21/06/2024 21:00,144,193,28.3,91,88.3,51.67,23.3
29.6,21/06/2024 22:00,140,192.2,26.7,84,84.7,50.33,23.7
30,21/06/2024 23:00,137,191.4,25,77,81,49,24
29.3,22/06/2024 0:00,129,182.5,24,73,77.7,46,23
28.9,22/06/2024 1:00,121,173.5,23,69,74.3,43,22
28.1,22/06/2024 2:00,112,164.6,22,65,71,40,21
27.8,22/06/2024 3:00,116,191.8,31.7,48.7,74.7,41.33,21.3
27.8,22/06/2024 4:00,120,219,41.3,32.3,78.3,42.67,21.7
27,22/06/2024 5:00,123,246.3,51,16,82,44,22
27.4,22/06/2024 6:00,123,211.1,38,51.3,81.7,44,23
29.3,22/06/2024 7:00,123,175.9,25,86.7,81.3,44,24
31.1,22/06/2024 8:00,123,140.6,12,122,81,44,25
33.3,22/06/2024 9:00,118,119.4,8.7,137.3,78,42,20.7
35.2,22/06/2024 10:00,112,98.2,5.3,152.7,75,40,16.3
37,22/06/2024 11:00,107,77,2,168,72,38,12
37.8,22/06/2024 12:00,102,74.9,2,165.7,68,35.33,11
38.5,22/06/2024 13:00,101,72.8,2,163.3,64,32.67,10
38.9,22/06/2024 14:00,100,70.6,2,161,60,30,9
38.9,22/06/2024 15:00,101,72.9,2.3,164,61.3,30.67,9.7
38.9,22/06/2024 16:00,102,75.3,2.7,167,62.7,31.33,10.3
37.8,22/06/2024 17:00,103,77.6,3,170,64,32,11
37.4,22/06/2024 18:00,95,121.4,14,146.7,62.3,33,16
36.3,22/06/2024 19:00,98,165.2,25,123.3,60.7,34,21
34.4,22/06/2024 20:00,100,208.9,36,100,59,35,26
33,22/06/2024 21:00,99,256.2,46,75.7,58.3,34.67,30
31.9,22/06/2024 22:00,98,303.5,56,51.3,57.7,34.33,34
31.1,22/06/2024 23:00,98,350.7,66,27,57,34,38
30.7,23/06/2024 0:00,98,345.5,66,21.7,57.3,34.33,34.7
30,23/06/2024 1:00,99,340.2,66,16.3,57.7,34.67,31.3
29.6,23/06/2024 2:00,100,335,66,11,58,35,28
29.3,23/06/2024 3:00,113,300.7,60.3,10.3,68.3,40.33,24.3
28.9,23/06/2024 4:00,128,266.5,54.7,9.7,78.7,45.67,20.7
28.9,23/06/2024 5:00,142,232.3,49,9,89,51,17
28.9,23/06/2024 6:00,144,209.1,38,41.3,92,51.67,18.7
30.4,23/06/2024 7:00,146,186,27,73.7,95,52.33,20.3
32.6,23/06/2024 8:00,148,162.8,16,106,98,53,22
34.1,23/06/2024 9:00,134,143,11.7,131.3,90,48,21.7
35.6,23/06/2024 10:00,121,123.1,7.3,156.7,82,43,21.3
38.1,23/06/2024 11:00,107,103.3,3,182,74,38,21
39.3,23/06/2024 12:00,105,97.5,2.7,177.3,69,35,18
40.4,23/06/2024 13:00,104,91.6,2.3,172.7,64,32,15
40.7,23/06/2024 14:00,102,85.8,2,168,59,29,12
41.1,23/06/2024 15:00,101,85.2,2.3,164,57.7,28,11.7
40.7,23/06/2024 16:00,100,84.6,2.7,160,56.3,27,11.3
40.7,23/06/2024 17:00,95,84,3,156,55,26,11
40.4,23/06/2024 18:00,86,119.8,12,130.7,56,28.67,14
39.3,23/06/2024 19:00,92,155.6,21,105.3,57,31.33,17
37,23/06/2024 20:00,98,191.4,30,80,58,34,20
35.6,23/06/2024 21:00,98,233.6,39.7,60.7,58,34.33,23.7
34.4,23/06/2024 22:00,99,275.8,49.3,41.3,58,34.67,27.3
33.3,23/06/2024 23:00,100,318.1,59,22,58,35,31
