timestamp_local,temp,city_name,country_code,aqi,co,no2,o3,pm10,pm25,so2
2024-03-01T00:00:00,17.4,Gujrāt,PK,163,307.8,19,43,98.3,65,35.7
2024-03-01T01:00:00,17,Gujrāt,PK,161,303.9,18,42,96.7,64,35.3
2024-03-01T02:00:00,16.7,Gujrāt,PK,160,300,17,41,95,63,35
2024-03-01T03:00:00,15.9,Gujrāt,PK,151,297.6,16,37.3,84.3,56.33,31.3
2024-03-01T04:00:00,15.9,Gujrāt,PK,139,295.3,15,33.7,73.7,49.67,27.7
2024-03-01T05:00:00,15.9,Gujrāt,PK,121,293,14,30,63,43,24
2024-03-01T06:00:00,15.6,Gujrāt,PK,122,283.8,14.3,30.3,65.7,43.67,26
2024-03-01T07:00:00,14.8,Gujrāt,PK,124,274.7,14.7,30.7,68.3,44.33,28
2024-03-01T08:00:00,15.2,Gujrāt,PK,126,265.5,15,31,71,45,30
2024-03-01T09:00:00,15.6,Gujrāt,PK,132,268.7,14.7,38.3,76,47.33,30.7
2024-03-01T10:00:00,15.6,Gujrāt,PK,139,271.8,14.3,45.7,81,49.67,31.3
2024-03-01T11:00:00,15.6,Gujrāt,PK,145,274.9,14,53,86,52,32
2024-03-01T12:00:00,15.2,Gujrāt,PK,141,257.6,12.3,66,83.3,50.67,29.7
2024-03-01T13:00:00,15.9,Gujrāt,PK,138,240.2,10.7,79,80.7,49.33,27.3
2024-03-01T14:00:00,15.9,Gujrāt,PK,134,222.9,9,92,78,48,25
2024-03-01T15:00:00,17,Gujrāt,PK,108,173.5,8,84.7,66,38.33,19.3
2024-03-01T16:00:00,18.1,Gujrāt,PK,86,124.1,7,77.3,54,28.67,13.7
2024-03-01T17:00:00,17.8,Gujrāt,PK,65,74.7,6,70,42,19,8
2024-03-01T18:00:00,17,Gujrāt,PK,72,80.5,7,68.7,49.7,22,8.7
2024-03-01T19:00:00,15.9,Gujrāt,PK,78,86.4,8,67.3,57.3,25,9.3
2024-03-01T20:00:00,15.2,Gujrāt,PK,85,92.2,9,66,65,28,10
2024-03-01T21:00:00,14.8,Gujrāt,PK,87,94,8.7,65,65,29,11
2024-03-01T22:00:00,14.4,Gujrāt,PK,89,95.7,8.3,64,65,30,12
2024-03-01T23:00:00,14.8,Gujrāt,PK,91,97.5,8,63,65,31,13
2024-03-02T00:00:00,14.8,Gujrāt,PK,90,92,7,63,62,30.33,13
2024-03-02T01:00:00,14.4,Gujrāt,PK,88,86.6,6,63,59,29.67,13
2024-03-02T02:00:00,14.8,Gujrāt,PK,87,81.1,5,63,56,29,13
2024-03-02T03:00:00,15.2,Gujrāt,PK,94,81.5,4.3,69.3,61.7,32.33,17
2024-03-02T04:00:00,15.6,Gujrāt,PK,101,81.9,3.7,75.7,67.3,35.67,21
2024-03-02T05:00:00,15.9,Gujrāt,PK,110,82.3,3,82,73,39,25
2024-03-02T06:00:00,16.3,Gujrāt,PK,112,87.9,3.7,79.7,74.3,39.67,25.7
2024-03-02T07:00:00,16.7,Gujrāt,PK,113,93.6,4.3,77.3,75.7,40.33,26.3
2024-03-02T08:00:00,16.7,Gujrāt,PK,115,99.2,5,75,77,41,27
2024-03-02T09:00:00,17.4,Gujrāt,PK,115,97.1,4.3,79.3,78.3,41,25
2024-03-02T10:00:00,19.6,Gujrāt,PK,115,94.9,3.7,83.7,79.7,41,23
2024-03-02T11:00:00,20,Gujrāt,PK,115,92.8,3,88,81,41,21
2024-03-02T12:00:00,18.9,Gujrāt,PK,107,92,3,91.7,73.7,38,21
2024-03-02T13:00:00,20,Gujrāt,PK,100,91.2,3,95.3,66.3,35,21
2024-03-02T14:00:00,20,Gujrāt,PK,93,90.5,3,99,59,32,21
2024-03-02T15:00:00,19.6,Gujrāt,PK,94,90.8,4,92,63.7,32.33,19.3
2024-03-02T16:00:00,19.3,Gujrāt,PK,95,91.2,5,85,68.3,32.67,17.7
2024-03-02T17:00:00,18.1,Gujrāt,PK,95,91.6,6,78,73,33,16
2024-03-02T18:00:00,18.5,Gujrāt,PK,94,94.9,6.3,79.3,67,32.33,17.7
2024-03-02T19:00:00,17,Gujrāt,PK,92,98.2,6.7,80.7,61,31.67,19.3
2024-03-02T20:00:00,16.7,Gujrāt,PK,91,101.5,7,82,55,31,21
2024-03-02T21:00:00,16.3,Gujrāt,PK,90,100.8,6.7,81,53.3,30.33,22
2024-03-02T22:00:00,14.4,Gujrāt,PK,88,100,6.3,80,51.7,29.67,23
2024-03-02T23:00:00,14.4,Gujrāt,PK,87,99.2,6,79,50,29,24
2024-03-03T00:00:00,13.7,Gujrāt,PK,75,98.2,6.3,76,39.7,23.67,24
2024-03-03T01:00:00,12.2,Gujrāt,PK,64,97.3,6.7,73,29.3,18.33,24
2024-03-03T02:00:00,11.9,Gujrāt,PK,52,96.3,7,70,19,13,24
2024-03-03T03:00:00,10,Gujrāt,PK,57,100.6,7,62.7,22,15.33,23.7
2024-03-03T04:00:00,10.4,Gujrāt,PK,62,104.9,7,55.3,25,17.67,23.3
2024-03-03T05:00:00,10,Gujrāt,PK,67,109.1,7,48,28,20,23
2024-03-03T06:00:00,10,Gujrāt,PK,71,115.6,7,47,31.3,21.67,23
2024-03-03T07:00:00,10,Gujrāt,PK,74,122,7,46,34.7,23.33,23
2024-03-03T08:00:00,10.4,Gujrāt,PK,78,128.4,7,45,38,25,23
2024-03-03T09:00:00,11.1,Gujrāt,PK,75,122,6,60.7,37,23.67,24.7
2024-03-03T10:00:00,14.8,Gujrāt,PK,72,115.6,5,76.3,36,22.33,26.3
2024-03-03T11:00:00,15.9,Gujrāt,PK,69,109.1,4,92,35,21,28
2024-03-03T12:00:00,16.7,Gujrāt,PK,69,107.8,4,104.7,34,21,30.7
2024-03-03T13:00:00,18.5,Gujrāt,PK,69,106.4,4,117.3,33,21,33.3
2024-03-03T14:00:00,18.5,Gujrāt,PK,69,105,4,130,32,21,36
2024-03-03T15:00:00,18.9,Gujrāt,PK,76,111.9,5.3,122.7,38,24,36.3
2024-03-03T16:00:00,18.9,Gujrāt,PK,82,118.7,6.7,115.3,44,27,36.7
2024-03-03T17:00:00,18.5,Gujrāt,PK,89,125.5,8,108,50,30,37
2024-03-03T18:00:00,17,Gujrāt,PK,104,185.8,18,87.3,59.3,37,40.7
2024-03-03T19:00:00,15.2,Gujrāt,PK,123,246.1,28,66.7,68.7,44,44.3
2024-03-03T20:00:00,14.4,Gujrāt,PK,142,306.4,38,46,78,51,48
2024-03-03T21:00:00,13.3,Gujrāt,PK,153,324.1,38,38.3,83.7,55,46.7
2024-03-03T22:00:00,11.5,Gujrāt,PK,155,341.8,38,30.7,89.3,59,45.3
2024-03-03T23:00:00,10.4,Gujrāt,PK,160,359.5,38,23,95,63,44
2024-03-04T00:00:00,10.4,Gujrāt,PK,163,351.3,36.3,21.7,98.7,65.33,41.3
2024-03-04T01:00:00,9.3,Gujrāt,PK,166,343.2,34.7,20.3,102.3,67.67,38.7
2024-03-04T02:00:00,10,Gujrāt,PK,169,335,33,19,106,70,36
2024-03-04T03:00:00,9.3,Gujrāt,PK,162,322.7,30.7,16.7,98.7,64.67,31.7
2024-03-04T04:00:00,9.3,Gujrāt,PK,155,310.5,28.3,14.3,91.3,59.33,27.3
2024-03-04T05:00:00,9.6,Gujrāt,PK,150,298.2,26,12,84,54,23
2024-03-04T06:00:00,10,Gujrāt,PK,148,279,22,20.3,84.3,53.33,23.3
2024-03-04T07:00:00,9.6,Gujrāt,PK,147,259.7,18,28.7,84.7,52.67,23.7
2024-03-04T08:00:00,10.7,Gujrāt,PK,145,240.4,14,37,85,52,24
2024-03-04T09:00:00,11.1,Gujrāt,PK,126,198.6,10.3,61.3,77,45,25.3
2024-03-04T10:00:00,15.9,Gujrāt,PK,107,156.8,6.7,85.7,69,38,26.7
2024-03-04T11:00:00,17,Gujrāt,PK,91,115,3,110,61,31,28
2024-03-04T12:00:00,17.4,Gujrāt,PK,84,108.5,2.3,113,53,27.67,25.7
2024-03-04T13:00:00,19.3,Gujrāt,PK,77,102.1,1.7000000000000002,116,45,24.33,23.3
2024-03-04T14:00:00,19.6,Gujrāt,PK,69,95.7,1,119,37,21,21
2024-03-04T15:00:00,19.6,Gujrāt,PK,72,101.4,2.7,113.3,38.7,22.33,21.3
2024-03-04T16:00:00,19.6,Gujrāt,PK,75,107,4.3,107.7,40.3,23.67,21.7
2024-03-04T17:00:00,19.3,Gujrāt,PK,78,112.6,6,102,42,25,22
2024-03-04T18:00:00,17.8,Gujrāt,PK,87,149,11,84.3,47,29,23.3
2024-03-04T19:00:00,15.2,Gujrāt,PK,95,185.4,16,66.7,52,33,24.7
2024-03-04T20:00:00,14.1,Gujrāt,PK,104,221.8,21,49,57,37,26
2024-03-04T21:00:00,14.1,Gujrāt,PK,105,220.4,19,46.7,56.7,37.33,25
2024-03-04T22:00:00,11.9,Gujrāt,PK,106,219,17,44.3,56.3,37.67,24
2024-03-04T23:00:00,11.9,Gujrāt,PK,107,217.7,15,42,56,38,23
2024-03-05T00:00:00,11.9,Gujrāt,PK,103,208.7,13.3,40.3,54.3,36.67,21.3
2024-03-05T01:00:00,10.4,Gujrāt,PK,100,199.8,11.7,38.7,52.7,35.33,19.7
2024-03-05T02:00:00,10.4,Gujrāt,PK,98,190.8,10,37,51,34,18
2024-03-05T03:00:00,9.6,Gujrāt,PK,104,222.9,14.3,28.7,55.3,37,19
2024-03-05T04:00:00,9.3,Gujrāt,PK,112,255,18.7,20.3,59.7,40,20
2024-03-05T05:00:00,9.3,Gujrāt,PK,121,287.1,23,12,64,43,21
2024-03-05T06:00:00,8.9,Gujrāt,PK,123,284.6,20.3,19.3,66,44,21.7
2024-03-05T07:00:00,10,Gujrāt,PK,126,282.1,17.7,26.7,68,45,22.3
2024-03-05T08:00:00,10.7,Gujrāt,PK,129,279.5,15,34,70,46,23
2024-03-05T09:00:00,11.1,Gujrāt,PK,125,236.7,11.3,61.3,69.3,44.67,26.3
2024-03-05T10:00:00,15.9,Gujrāt,PK,121,193.9,7.7,88.7,68.7,43.33,29.7
2024-03-05T11:00:00,17,Gujrāt,PK,118,151.2,4,116,68,42,33
2024-03-05T12:00:00,17.8,Gujrāt,PK,104,133.1,3.3,121,63.3,37,30
2024-03-05T13:00:00,20.4,Gujrāt,PK,93,115,2.7,126,58.7,32,27
2024-03-05T14:00:00,20.7,Gujrāt,PK,82,96.9,2,131,54,27,24
2024-03-05T15:00:00,21.1,Gujrāt,PK,82,102.5,3.7,123.3,51.7,27,24.7
2024-03-05T16:00:00,21.1,Gujrāt,PK,82,108.2,5.3,115.7,49.3,27,25.3
2024-03-05T17:00:00,21.1,Gujrāt,PK,82,113.8,7,108,47,27,26
2024-03-05T18:00:00,19.3,Gujrāt,PK,100,174.5,16,89,59.3,35.33,30.7
2024-03-05T19:00:00,15.6,Gujrāt,PK,122,235.2,25,70,71.7,43.67,35.3
2024-03-05T20:00:00,15.2,Gujrāt,PK,145,295.9,34,51,84,52,40
2024-03-05T21:00:00,15.2,Gujrāt,PK,148,309.9,33,46.7,84.3,53.33,40.7
2024-03-05T22:00:00,12.6,Gujrāt,PK,152,323.9,32,42.3,84.7,54.67,41.3
2024-03-05T23:00:00,12.2,Gujrāt,PK,151,337.9,31,38,85,56,42
2024-03-06T00:00:00,11.1,Gujrāt,PK,152,325.1,27.7,36.7,83.3,54.67,38.7
2024-03-06T01:00:00,10,Gujrāt,PK,148,312.2,24.3,35.3,81.7,53.33,35.3
2024-03-06T02:00:00,9.6,Gujrāt,PK,145,299.4,21,34,80,52,32
2024-03-06T03:00:00,10,Gujrāt,PK,144,305,22.3,29,79,51.67,31.7
2024-03-06T04:00:00,11.1,Gujrāt,PK,143,310.7,23.7,24,78,51.33,31.3
2024-03-06T05:00:00,11.1,Gujrāt,PK,142,316.3,25,19,77,51,31
2024-03-06T06:00:00,9.3,Gujrāt,PK,154,352.5,25.7,24.3,83.3,55.33,33
2024-03-06T07:00:00,10.4,Gujrāt,PK,156,388.7,26.3,29.7,89.7,59.67,35
2024-03-06T08:00:00,11.1,Gujrāt,PK,161,424.9,27,35,96,64,37
2024-03-06T09:00:00,11.9,Gujrāt,PK,153,338.1,19.7,72.7,86.7,57.33,42
2024-03-06T10:00:00,17.8,Gujrāt,PK,141,251.3,12.3,110.3,77.3,50.67,47
2024-03-06T11:00:00,18.9,Gujrāt,PK,123,164.6,5,148,68,44,52
2024-03-06T12:00:00,19.6,Gujrāt,PK,112,147.3,4,149.7,63.3,40,47.7
2024-03-06T13:00:00,22.2,Gujrāt,PK,102,129.9,3,151.3,58.7,36,43.3
2024-03-06T14:00:00,22.6,Gujrāt,PK,93,112.6,2,153,54,32,39
2024-03-06T15:00:00,22.2,Gujrāt,PK,92,120.4,4.3,145.3,52.3,31.33,38.3
2024-03-06T16:00:00,22.2,Gujrāt,PK,90,128.2,6.7,137.7,50.7,30.67,37.7
2024-03-06T17:00:00,21.9,Gujrāt,PK,89,136,9,130,49,30,37
2024-03-06T18:00:00,20,Gujrāt,PK,111,193.9,17.3,109.7,62.3,39.33,41.7
2024-03-06T19:00:00,16.3,Gujrāt,PK,136,251.9,25.7,89.3,75.7,48.67,46.3
2024-03-06T20:00:00,15.2,Gujrāt,PK,153,309.9,34,69,89,58,51
2024-03-06T21:00:00,14.8,Gujrāt,PK,160,344.3,35.7,60.3,95.7,63,53.7
2024-03-06T22:00:00,14.1,Gujrāt,PK,167,378.8,37.3,51.7,102.3,68,56.3
2024-03-06T23:00:00,14.1,Gujrāt,PK,173,413.2,39,43,109,73,59
2024-03-07T00:00:00,13.3,Gujrāt,PK,170,402.5,35.3,39.3,105,70.67,52.7
2024-03-07T01:00:00,12.6,Gujrāt,PK,167,391.8,31.7,35.7,101,68.33,46.3
2024-03-07T02:00:00,13.7,Gujrāt,PK,164,381.1,28,32,97,66,40
2024-03-07T03:00:00,12.6,Gujrāt,PK,156,357.9,24.7,35,90,60,39
2024-03-07T04:00:00,12.6,Gujrāt,PK,150,334.8,21.3,38,83,54,38
2024-03-07T05:00:00,12.6,Gujrāt,PK,134,311.6,18,41,76,48,37
2024-03-07T06:00:00,12.6,Gujrāt,PK,138,299.4,16.3,44,77.7,49.33,35.7
2024-03-07T07:00:00,13.3,Gujrāt,PK,141,287.1,14.7,47,79.3,50.67,34.3
2024-03-07T08:00:00,13.3,Gujrāt,PK,145,274.9,13,50,81,52,33
2024-03-07T09:00:00,14.8,Gujrāt,PK,144,235.4,9.7,81,84,51.67,38.3
2024-03-07T10:00:00,20,Gujrāt,PK,143,195.9,6.3,112,87,51.33,43.7
2024-03-07T11:00:00,21.1,Gujrāt,PK,142,156.4,3,143,90,51,49
2024-03-07T12:00:00,21.1,Gujrāt,PK,136,140.8,2.7,145,89,48.67,46
2024-03-07T13:00:00,22.6,Gujrāt,PK,130,125.3,2.3,147,88,46.33,43
2024-03-07T14:00:00,23,Gujrāt,PK,123,109.7,2,149,87,44,40
2024-03-07T15:00:00,23.3,Gujrāt,PK,117,113.6,3.7,136.7,81.7,41.67,37.3
2024-03-07T16:00:00,23,Gujrāt,PK,111,117.5,5.3,124.3,76.3,39.33,34.7
2024-03-07T17:00:00,22.6,Gujrāt,PK,104,121.4,7,112,71,37,32
2024-03-07T18:00:00,20.4,Gujrāt,PK,113,142,9.7,96.7,75.3,40.33,31.7
2024-03-07T19:00:00,17.4,Gujrāt,PK,122,162.6,12.3,81.3,79.7,43.67,31.3
2024-03-07T20:00:00,16.7,Gujrāt,PK,131,183.3,15,66,84,47,31
2024-03-07T21:00:00,16.7,Gujrāt,PK,141,193.8,15,60.7,91.3,50.67,30.3
2024-03-07T22:00:00,15.9,Gujrāt,PK,151,204.3,15,55.3,98.7,54.33,29.7
2024-03-07T23:00:00,15.2,Gujrāt,PK,153,214.8,15,50,106,58,29
2024-03-08T00:00:00,14.8,Gujrāt,PK,150,217.5,15.3,42.7,101,55.67,26
2024-03-08T01:00:00,13.3,Gujrāt,PK,148,220.2,15.7,35.3,96,53.33,23
2024-03-08T02:00:00,13,Gujrāt,PK,142,222.9,16,28,91,51,20
2024-03-08T03:00:00,11.9,Gujrāt,PK,137,229.7,16.7,23,85.7,49,18.7
2024-03-08T04:00:00,11.9,Gujrāt,PK,131,236.6,17.3,18,80.3,47,17.3
2024-03-08T05:00:00,11.9,Gujrāt,PK,126,243.4,18,13,75,45,16
2024-03-08T06:00:00,11.9,Gujrāt,PK,134,267.7,17.3,17,78.3,48,17
2024-03-08T07:00:00,12.6,Gujrāt,PK,142,292,16.7,21,81.7,51,18
2024-03-08T08:00:00,13.3,Gujrāt,PK,150,316.3,16,25,85,54,19
2024-03-08T09:00:00,14.8,Gujrāt,PK,143,263,12.3,59.7,82.3,51.33,27.7
2024-03-08T10:00:00,20.4,Gujrāt,PK,136,209.7,8.7,94.3,79.7,48.67,36.3
2024-03-08T11:00:00,21.1,Gujrāt,PK,129,156.4,5,129,77,46,45
2024-03-08T12:00:00,21.9,Gujrāt,PK,117,140.5,4,132.3,71,41.67,40.7
2024-03-08T13:00:00,24.4,Gujrāt,PK,105,124.5,3,135.7,65,37.33,36.3
2024-03-08T14:00:00,24.4,Gujrāt,PK,95,108.5,2,139,59,33,32
2024-03-08T15:00:00,24.4,Gujrāt,PK,88,108.7,3.3,131.3,52,29.67,29
2024-03-08T16:00:00,24.8,Gujrāt,PK,81,108.9,4.7,123.7,45,26.33,26
2024-03-08T17:00:00,24.4,Gujrāt,PK,74,109.1,6,116,38,23,23
2024-03-08T18:00:00,24.1,Gujrāt,PK,85,160.3,13.3,96,44.7,28,25.7
2024-03-08T19:00:00,19.3,Gujrāt,PK,95,211.5,20.7,76,51.3,33,28.3
2024-03-08T20:00:00,17.8,Gujrāt,PK,107,262.6,28,56,58,38,31
2024-03-08T21:00:00,17.4,Gujrāt,PK,104,258.9,24.3,54.3,56.3,37,29.3
2024-03-08T22:00:00,15.9,Gujrāt,PK,102,255.2,20.7,52.7,54.7,36,27.7
2024-03-08T23:00:00,15.9,Gujrāt,PK,100,251.5,17,51,53,35,26
2024-03-09T00:00:00,15.6,Gujrāt,PK,96,242.8,15.7,46.7,50.3,33.33,23.3
2024-03-09T01:00:00,14.4,Gujrāt,PK,92,234,14.3,42.3,47.7,31.67,20.7
2024-03-09T02:00:00,14.4,Gujrāt,PK,89,225.3,13,38,45,30,18
2024-03-09T03:00:00,13.7,Gujrāt,PK,90,228,13.3,34.3,46.3,30.67,17.3
2024-03-09T04:00:00,13.7,Gujrāt,PK,92,230.7,13.7,30.7,47.7,31.33,16.7
2024-03-09T05:00:00,13.7,Gujrāt,PK,93,233.4,14,27,49,32,16
2024-03-09T06:00:00,13.3,Gujrāt,PK,99,240.2,13.7,32.7,52.7,34.67,17
2024-03-09T07:00:00,14.1,Gujrāt,PK,105,247.1,13.3,38.3,56.3,37.33,18
2024-03-09T08:00:00,14.4,Gujrāt,PK,112,253.9,13,44,60,40,19
2024-03-09T09:00:00,15.2,Gujrāt,PK,108,226.4,10.3,76.7,59,38.33,22.3
2024-03-09T10:00:00,21.1,Gujrāt,PK,103,199,7.7,109.3,58,36.67,25.7
2024-03-09T11:00:00,22.2,Gujrāt,PK,100,171.6,5,142,57,35,29
2024-03-09T12:00:00,23.3,Gujrāt,PK,90,145.9,4,144,50,30.33,24.7
2024-03-09T13:00:00,25.9,Gujrāt,PK,82,120.2,3,146,43,25.67,20.3
2024-03-09T14:00:00,26.7,Gujrāt,PK,85,94.5,2,148,36,21,16
2024-03-09T15:00:00,26.7,Gujrāt,PK,73,101,3.7,138.7,33,20,17
2024-03-09T16:00:00,26.7,Gujrāt,PK,65,107.4,5.3,129.3,30,19,18
2024-03-09T17:00:00,25.9,Gujrāt,PK,63,113.8,7,120,27,18,19
2024-03-09T18:00:00,23,Gujrāt,PK,72,145.1,11,103,32.3,22,21
2024-03-09T19:00:00,20,Gujrāt,PK,80,176.4,15,86,37.7,26,23
2024-03-09T20:00:00,19.3,Gujrāt,PK,89,207.8,19,69,43,30,25
2024-03-09T21:00:00,18.5,Gujrāt,PK,92,215,18,64.7,45,31.33,25
2024-03-09T22:00:00,16.3,Gujrāt,PK,95,222.2,17,60.3,47,32.67,25
2024-03-09T23:00:00,15.9,Gujrāt,PK,98,229.4,16,56,49,34,25
2024-03-10T00:00:00,15.9,Gujrāt,PK,97,237.1,16.3,49,48.3,33.67,23.3
2024-03-10T01:00:00,14.8,Gujrāt,PK,96,244.9,16.7,42,47.7,33.33,21.7
2024-03-10T02:00:00,14.8,Gujrāt,PK,95,252.7,17,35,47,33,20
2024-03-10T03:00:00,13,Gujrāt,PK,96,274.5,18.7,28,48,33.33,19.3
2024-03-10T04:00:00,13,Gujrāt,PK,97,296.3,20.3,21,49,33.67,18.7
2024-03-10T05:00:00,12.6,Gujrāt,PK,98,318.1,22,14,50,34,18
2024-03-10T06:00:00,12.2,Gujrāt,PK,104,349.6,21.7,18,54.3,37,19
2024-03-10T07:00:00,13.7,Gujrāt,PK,112,381.1,21.3,22,58.7,40,20
2024-03-10T08:00:00,14.8,Gujrāt,PK,121,412.6,21,26,63,43,21
2024-03-10T09:00:00,15.6,Gujrāt,PK,116,339.5,16,67,61.3,41.33,26.7
2024-03-10T10:00:00,20.4,Gujrāt,PK,112,266.3,11,108,59.7,39.67,32.3
2024-03-10T11:00:00,21.5,Gujrāt,PK,107,193.2,6,149,58,38,38
2024-03-10T12:00:00,22.2,Gujrāt,PK,98,171.2,5,150,53.3,34.33,36.3
2024-03-10T13:00:00,24.4,Gujrāt,PK,90,149.2,4,151,48.7,30.67,34.7
2024-03-10T14:00:00,24.4,Gujrāt,PK,90,127.2,3,152,44,27,33
2024-03-10T15:00:00,24.1,Gujrāt,PK,94,144.3,8,137.7,53,32.33,33
2024-03-10T16:00:00,24.4,Gujrāt,PK,106,161.5,13,123.3,62,37.67,33
2024-03-10T17:00:00,24.1,Gujrāt,PK,121,178.6,18,109,71,43,33
2024-03-10T18:00:00,21.5,Gujrāt,PK,144,242.8,27.3,89.7,83.3,51.67,38.3
2024-03-10T19:00:00,18.9,Gujrāt,PK,157,307,36.7,70.3,95.7,60.33,43.7
2024-03-10T20:00:00,19.3,Gujrāt,PK,168,371.2,46,51,108,69,49
2024-03-10T21:00:00,19.6,Gujrāt,PK,167,387.1,42.3,44.3,105.3,68,45.7
2024-03-10T22:00:00,18.5,Gujrāt,PK,165,403.1,38.7,37.7,102.7,67,42.3
2024-03-10T23:00:00,18.1,Gujrāt,PK,164,419,35,31,100,66,39
2024-03-11T00:00:00,18.1,Gujrāt,PK,160,382.8,30,35.3,94.7,63,36
2024-03-11T01:00:00,15.9,Gujrāt,PK,156,346.7,25,39.7,89.3,60,33
2024-03-11T02:00:00,16.3,Gujrāt,PK,152,310.5,20,44,84,57,30
2024-03-11T03:00:00,17,Gujrāt,PK,149,285.8,17.3,45.7,79.3,53.67,29
2024-03-11T04:00:00,16.7,Gujrāt,PK,140,261.1,14.7,47.3,74.7,50.33,28
2024-03-11T05:00:00,16.3,Gujrāt,PK,131,236.4,12,49,70,47,27
2024-03-11T06:00:00,14.4,Gujrāt,PK,136,262.6,13.7,46.3,72.7,48.67,27.3
2024-03-11T07:00:00,15.2,Gujrāt,PK,140,288.9,15.3,43.7,75.3,50.33,27.7
2024-03-11T08:00:00,16.7,Gujrāt,PK,145,315.1,17,41,78,52,28
2024-03-11T09:00:00,18.1,Gujrāt,PK,143,272.9,13.7,74.3,77.7,51.33,39.3
2024-03-11T10:00:00,22.2,Gujrāt,PK,141,230.7,10.3,107.7,77.3,50.67,50.7
2024-03-11T11:00:00,23.3,Gujrāt,PK,139,188.5,7,141,77,50,62
2024-03-11T12:00:00,24.1,Gujrāt,PK,120,163,5.3,141.3,70,42.67,56.3
2024-03-11T13:00:00,25.2,Gujrāt,PK,100,137.5,3.7,141.7,63,35.33,50.7
2024-03-11T14:00:00,25.2,Gujrāt,PK,85,112.1,2,142,56,28,45
2024-03-11T15:00:00,24.4,Gujrāt,PK,84,122,4.7,139.7,54,27.67,45.7
2024-03-11T16:00:00,24.1,Gujrāt,PK,83,131.9,7.3,137.3,52,27.33,46.3
2024-03-11T17:00:00,23.3,Gujrāt,PK,82,141.8,10,135,50,27,47
2024-03-11T18:00:00,23,Gujrāt,PK,89,190.3,16.3,112.7,52.3,30,45.7
2024-03-11T19:00:00,20,Gujrāt,PK,95,238.7,22.7,90.3,54.7,33,44.3
2024-03-11T20:00:00,18.9,Gujrāt,PK,102,287.1,29,68,57,36,43
2024-03-11T21:00:00,18.9,Gujrāt,PK,116,298.6,28.3,60.7,63.3,41.33,40.7
2024-03-11T22:00:00,17.4,Gujrāt,PK,130,310.1,27.7,53.3,69.7,46.67,38.3
2024-03-11T23:00:00,17.4,Gujrāt,PK,145,321.6,27,46,76,52,36
2024-03-12T00:00:00,16.7,Gujrāt,PK,141,309.3,25.3,40.7,74,50.67,31.3
2024-03-12T01:00:00,15.6,Gujrāt,PK,138,297.1,23.7,35.3,72,49.33,26.7
2024-03-12T02:00:00,15.9,Gujrāt,PK,134,284.8,22,30,70,48,22
2024-03-12T03:00:00,14.8,Gujrāt,PK,129,289.1,21.3,27,67,46,21.7
2024-03-12T04:00:00,14.4,Gujrāt,PK,123,293.4,20.7,24,64,44,21.3
2024-03-12T05:00:00,14.1,Gujrāt,PK,118,297.6,20,21,61,42,21
2024-03-12T06:00:00,13.7,Gujrāt,PK,122,294.1,18.7,28.7,63.7,43.67,22
2024-03-12T07:00:00,15.2,Gujrāt,PK,127,290.6,17.3,36.3,66.3,45.33,23
2024-03-12T08:00:00,16.3,Gujrāt,PK,131,287.1,16,44,69,47,24
2024-03-12T09:00:00,17,Gujrāt,PK,122,236.7,12.3,74,65.7,43.67,24.7
2024-03-12T10:00:00,22.6,Gujrāt,PK,113,186.4,8.7,104,62.3,40.33,25.3
2024-03-12T11:00:00,24.1,Gujrāt,PK,104,136,5,134,59,37,26
2024-03-12T12:00:00,24.8,Gujrāt,PK,98,121.4,4,137.3,57,34.33,25
2024-03-12T13:00:00,27,Gujrāt,PK,92,106.8,3,140.7,55,31.67,24
2024-03-12T14:00:00,27.4,Gujrāt,PK,87,92.2,2,144,53,29,23
2024-03-12T15:00:00,27.4,Gujrāt,PK,85,99.8,4,133.7,50.3,28.33,22.3
2024-03-12T16:00:00,27.4,Gujrāt,PK,84,107.4,6,123.3,47.7,27.67,21.7
2024-03-12T17:00:00,26.7,Gujrāt,PK,82,115,8,113,45,27,21
2024-03-12T18:00:00,24.4,Gujrāt,PK,98,179.7,18.7,94.3,55.3,34.33,26.7
2024-03-12T19:00:00,23,Gujrāt,PK,117,244.5,29.3,75.7,65.7,41.67,32.3
2024-03-12T20:00:00,23.3,Gujrāt,PK,137,309.3,40,57,76,49,38
2024-03-12T21:00:00,21.1,Gujrāt,PK,140,328.8,39.7,45.3,77.3,50.33,35.7
2024-03-12T22:00:00,18.9,Gujrāt,PK,144,348.2,39.3,33.7,78.7,51.67,33.3
2024-03-12T23:00:00,19.3,Gujrāt,PK,148,367.7,39,22,80,53,31
2024-03-13T00:00:00,19.3,Gujrāt,PK,142,354.8,37.7,19.3,77,51,29
2024-03-13T01:00:00,16.7,Gujrāt,PK,137,342,36.3,16.7,74,49,27
2024-03-13T02:00:00,16.3,Gujrāt,PK,131,329.2,35,14,71,47,25
2024-03-13T03:00:00,15.6,Gujrāt,PK,131,307.6,31,15.7,71.7,47,24
2024-03-13T04:00:00,15.6,Gujrāt,PK,131,286,27,17.3,72.3,47,23
2024-03-13T05:00:00,15.9,Gujrāt,PK,131,264.4,23,19,73,47,22
2024-03-13T06:00:00,15.6,Gujrāt,PK,131,270.2,21.3,20.7,73,47,22
2024-03-13T07:00:00,16.7,Gujrāt,PK,131,276,19.7,22.3,73,47,22
2024-03-13T08:00:00,16.3,Gujrāt,PK,131,281.9,18,24,73,47,22
2024-03-13T09:00:00,17,Gujrāt,PK,129,261.8,15.7,44,72.3,46,27.7
2024-03-13T10:00:00,20.4,Gujrāt,PK,126,241.8,13.3,64,71.7,45,33.3
2024-03-13T11:00:00,21.5,Gujrāt,PK,123,221.8,11,84,71,44,39
2024-03-13T12:00:00,21.9,Gujrāt,PK,122,199.4,8.3,100,79.3,43.67,35.3
2024-03-13T13:00:00,22.6,Gujrāt,PK,121,177,5.7,116,87.7,43.33,31.7
2024-03-13T14:00:00,21.5,Gujrāt,PK,121,154.7,3,132,96,43,28
2024-03-13T15:00:00,21.9,Gujrāt,PK,121,144.7,4,125.3,95.7,43.33,30
2024-03-13T16:00:00,22.2,Gujrāt,PK,122,134.8,5,118.7,95.3,43.67,32
2024-03-13T17:00:00,21.9,Gujrāt,PK,123,124.9,6,112,95,44,34
2024-03-13T18:00:00,20.4,Gujrāt,PK,124,131.7,7.7,102.3,91,44.33,31
2024-03-13T19:00:00,18.1,Gujrāt,PK,125,138.5,9.3,92.7,87,44.67,28
2024-03-13T20:00:00,17.8,Gujrāt,PK,126,145.3,11,83,83,45,25
2024-03-13T21:00:00,17.4,Gujrāt,PK,130,154.8,11.7,77.7,84.3,46.67,25
2024-03-13T22:00:00,16.7,Gujrāt,PK,135,164.4,12.3,72.3,85.7,48.33,25
2024-03-13T23:00:00,16.7,Gujrāt,PK,139,173.9,13,67,87,50,25
2024-03-14T00:00:00,16.7,Gujrāt,PK,133,151.3,10.3,71.3,83.3,47.67,22.7
2024-03-14T01:00:00,15.9,Gujrāt,PK,127,128.8,7.7,75.7,79.7,45.33,20.3
2024-03-14T02:00:00,15.6,Gujrāt,PK,121,106.2,5,80,76,43,18
2024-03-14T03:00:00,14.8,Gujrāt,PK,113,101.5,5,77.3,71.3,40.33,17.3
2024-03-14T04:00:00,14.1,Gujrāt,PK,106,96.9,5,74.7,66.7,37.67,16.7
2024-03-14T05:00:00,14.4,Gujrāt,PK,100,92.2,5,72,62,35,16
2024-03-14T06:00:00,14.4,Gujrāt,PK,102,105.2,6.3,66.7,64.3,36,17
2024-03-14T07:00:00,15.2,Gujrāt,PK,104,118.3,7.7,61.3,66.7,37,18
2024-03-14T08:00:00,15.9,Gujrāt,PK,107,131.3,9,56,69,38,19
2024-03-14T09:00:00,16.3,Gujrāt,PK,104,118.9,7,75.3,74.3,37,20.7
2024-03-14T10:00:00,21.1,Gujrāt,PK,102,106.4,5,94.7,79.7,36,22.3
2024-03-14T11:00:00,21.9,Gujrāt,PK,100,94,3,114,85,35,24
2024-03-14T12:00:00,22.6,Gujrāt,PK,88,86.2,2.3,115,71.3,29.67,20
2024-03-14T13:00:00,24.8,Gujrāt,PK,77,78.4,1.7000000000000002,116,57.7,24.33,16
2024-03-14T14:00:00,25.2,Gujrāt,PK,65,70.6,1,117,44,19,12
2024-03-14T15:00:00,25.6,Gujrāt,PK,64,74.7,2.3,110.7,41,18.33,11.3
2024-03-14T16:00:00,25.6,Gujrāt,PK,62,78.8,3.7,104.3,38,17.67,10.7
2024-03-14T17:00:00,24.8,Gujrāt,PK,61,82.9,5,98,35,17,10
2024-03-14T18:00:00,23.3,Gujrāt,PK,65,95.1,6.7,88.3,36,19,11.3
2024-03-14T19:00:00,20,Gujrāt,PK,69,107.4,8.3,78.7,37,21,12.7
2024-03-14T20:00:00,19.3,Gujrāt,PK,74,119.6,10,69,38,23,14
2024-03-14T21:00:00,19.3,Gujrāt,PK,77,124.1,9.7,68,39,24.33,16.7
2024-03-14T22:00:00,17.8,Gujrāt,PK,80,128.6,9.3,67,40,25.67,19.3
2024-03-14T23:00:00,17.4,Gujrāt,PK,82,133.1,9,66,41,27,22
2024-03-15T00:00:00,17.4,Gujrāt,PK,83,135.8,8.7,64.3,41.7,27.33,22.7
2024-03-15T01:00:00,15.9,Gujrāt,PK,84,138.5,8.3,62.7,42.3,27.67,23.3
2024-03-15T02:00:00,15.6,Gujrāt,PK,85,141.2,8,61,43,28,24
2024-03-15T03:00:00,15.2,Gujrāt,PK,85,147.5,8.3,54.7,43,28,22
2024-03-15T04:00:00,14.8,Gujrāt,PK,85,153.7,8.7,48.3,43,28,20
2024-03-15T05:00:00,14.8,Gujrāt,PK,85,159.9,9,42,43,28,18
2024-03-15T06:00:00,14.8,Gujrāt,PK,89,176.2,9.7,41.7,46,30,18.7
2024-03-15T07:00:00,15.9,Gujrāt,PK,93,192.6,10.3,41.3,49,32,19.3
2024-03-15T08:00:00,15.9,Gujrāt,PK,98,208.9,11,41,52,34,20
2024-03-15T09:00:00,16.3,Gujrāt,PK,95,194.5,9,72.3,51,32.67,23.3
2024-03-15T10:00:00,21.9,Gujrāt,PK,92,180.1,7,103.7,50,31.33,26.7
2024-03-15T11:00:00,23,Gujrāt,PK,89,165.7,5,135,49,30,30
2024-03-15T12:00:00,23.7,Gujrāt,PK,79,143.2,4,136.7,41.7,25.33,25
2024-03-15T13:00:00,26.3,Gujrāt,PK,73,120.6,3,138.3,34.3,20.67,20
2024-03-15T14:00:00,26.7,Gujrāt,PK,75,98,2,140,27,16,15
2024-03-15T15:00:00,27,Gujrāt,PK,63,100.4,3.7,130.7,23.3,14.33,15
2024-03-15T16:00:00,27,Gujrāt,PK,52,102.7,5.3,121.3,19.7,12.67,15
2024-03-15T17:00:00,26.3,Gujrāt,PK,52,105,7,112,16,11,15
2024-03-15T18:00:00,23.7,Gujrāt,PK,58,133.4,11,94.3,22.3,15.67,17
2024-03-15T19:00:00,19.6,Gujrāt,PK,68,161.9,15,76.7,28.7,20.33,19
2024-03-15T20:00:00,18.9,Gujrāt,PK,78,190.3,19,59,35,25,21
2024-03-15T21:00:00,18.5,Gujrāt,PK,82,203.7,19,53.7,38,26.67,22
2024-03-15T22:00:00,16.7,Gujrāt,PK,85,217.1,19,48.3,41,28.33,23
2024-03-15T23:00:00,16.7,Gujrāt,PK,89,230.5,19,43,44,30,24
2024-03-16T00:00:00,16.3,Gujrāt,PK,85,230.5,18.7,37.7,41.7,28.33,22
2024-03-16T01:00:00,14.4,Gujrāt,PK,82,230.5,18.3,32.3,39.3,26.67,20
2024-03-16T02:00:00,14.1,Gujrāt,PK,78,230.5,18,27,37,25,18
2024-03-16T03:00:00,13.3,Gujrāt,PK,82,241.2,19.3,24.3,39,26.67,18.3
2024-03-16T04:00:00,13.7,Gujrāt,PK,85,251.9,20.7,21.7,41,28.33,18.7
2024-03-16T05:00:00,14.4,Gujrāt,PK,89,262.6,22,19,43,30,19
2024-03-16T06:00:00,15.2,Gujrāt,PK,92,266.7,20,27.3,45.7,31.67,20.3
2024-03-16T07:00:00,15.2,Gujrāt,PK,96,270.8,18,35.7,48.3,33.33,21.7
2024-03-16T08:00:00,15.2,Gujrāt,PK,100,274.9,16,44,51,35,23
2024-03-16T09:00:00,16.7,Gujrāt,PK,100,241.8,12.3,80.3,51,35,27.3
2024-03-16T10:00:00,22.2,Gujrāt,PK,100,208.7,8.7,116.7,51,35,31.7
2024-03-16T11:00:00,23.7,Gujrāt,PK,100,175.7,5,153,51,35,36
2024-03-16T12:00:00,24.4,Gujrāt,PK,93,155.2,4,154.7,42.7,29.33,32.7
2024-03-16T13:00:00,27.4,Gujrāt,PK,95,134.8,3,156.3,34.3,23.67,29.3
2024-03-16T14:00:00,27.8,Gujrāt,PK,98,114.4,2,158,26,18,26
2024-03-16T15:00:00,27.8,Gujrāt,PK,85,120.4,4,148.3,23,16,24.3
2024-03-16T16:00:00,27.8,Gujrāt,PK,73,126.4,6,138.7,20,14,22.7
2024-03-16T17:00:00,27,Gujrāt,PK,61,132.5,8,129,17,12,21
2024-03-16T18:00:00,25.2,Gujrāt,PK,63,182.5,16,105.7,25.3,18,24
2024-03-16T19:00:00,21.5,Gujrāt,PK,76,232.5,24,82.3,33.7,24,27
2024-03-16T20:00:00,20.4,Gujrāt,PK,89,282.5,32,59,42,30,30
2024-03-16T21:00:00,19.6,Gujrāt,PK,98,310.7,33.7,45.3,48.7,34.33,29.3
2024-03-16T22:00:00,18.1,Gujrāt,PK,109,338.9,35.3,31.7,55.3,38.67,28.7
2024-03-16T23:00:00,17.8,Gujrāt,PK,121,367.1,37,18,62,43,28
2024-03-17T00:00:00,17,Gujrāt,PK,106,351.7,34,14.7,54,37.67,23.3
2024-03-17T01:00:00,15.6,Gujrāt,PK,94,336.3,31,11.3,46,32.33,18.7
2024-03-17T02:00:00,15.6,Gujrāt,PK,82,321,28,8,38,27,14
2024-03-17T03:00:00,14.1,Gujrāt,PK,83,307.2,27,9.7,39,27.33,14.7
2024-03-17T04:00:00,13.3,Gujrāt,PK,84,293.4,26,11.3,40,27.67,15.3
2024-03-17T05:00:00,13.3,Gujrāt,PK,85,279.5,25,13,41,28,16
2024-03-17T06:00:00,13,Gujrāt,PK,88,305.8,23.3,19.3,43.7,29.67,17
2024-03-17T07:00:00,14.8,Gujrāt,PK,92,332.1,21.7,25.7,46.3,31.33,18
2024-03-17T08:00:00,16.3,Gujrāt,PK,95,358.3,20,32,49,33,19
2024-03-17T09:00:00,17.8,Gujrāt,PK,88,292.8,15.3,70,43.7,29.67,24
2024-03-17T10:00:00,23.3,Gujrāt,PK,81,227.2,10.7,108,38.3,26.33,29
2024-03-17T11:00:00,24.8,Gujrāt,PK,82,161.7,6,146,33,23,34
2024-03-17T12:00:00,25.6,Gujrāt,PK,78,135,4.7,142,28,19.33,28
2024-03-17T13:00:00,28.1,Gujrāt,PK,72,108.4,3.3,138,23,15.67,22
2024-03-17T14:00:00,28.5,Gujrāt,PK,68,81.7,2,134,18,12,16
2024-03-17T15:00:00,27.8,Gujrāt,PK,63,97.3,5.7,123.3,28,18,16.3
2024-03-17T16:00:00,27.4,Gujrāt,PK,76,112.8,9.3,112.7,38,24,16.7
2024-03-17T17:00:00,27,Gujrāt,PK,89,128.4,13,102,48,30,17
2024-03-17T18:00:00,25.2,Gujrāt,PK,96,176.2,19.7,85.3,52.3,33.33,21.7
2024-03-17T19:00:00,21.9,Gujrāt,PK,103,224.1,26.3,68.7,56.7,36.67,26.3
2024-03-17T20:00:00,20.4,Gujrāt,PK,112,272,33,52,61,40,31
2024-03-17T21:00:00,20,Gujrāt,PK,112,294.1,32.7,44.3,60,39.67,31.7
2024-03-17T22:00:00,18.1,Gujrāt,PK,111,316.3,32.3,36.7,59,39.33,32.3
2024-03-17T23:00:00,17.8,Gujrāt,PK,110,338.5,32,29,58,39,33
2024-03-18T00:00:00,17,Gujrāt,PK,104,322.1,29,26.3,55,37,29
2024-03-18T01:00:00,15.6,Gujrāt,PK,100,305.8,26,23.7,52,35,25
2024-03-18T02:00:00,15.6,Gujrāt,PK,95,289.5,23,21,49,33,21
2024-03-18T03:00:00,14.1,Gujrāt,PK,101,309.1,25.7,15,53,35.67,20.7
2024-03-18T04:00:00,13.7,Gujrāt,PK,108,328.8,28.3,9,57,38.33,20.3
2024-03-18T05:00:00,13.3,Gujrāt,PK,115,348.4,31,3,61,41,20
2024-03-18T06:00:00,13.3,Gujrāt,PK,121,360.9,28,14,63.7,43,20.7
2024-03-18T07:00:00,15.9,Gujrāt,PK,126,373.3,25,25,66.3,45,21.3
2024-03-18T08:00:00,17,Gujrāt,PK,131,385.8,22,36,69,47,22
2024-03-18T09:00:00,19.3,Gujrāt,PK,121,317.1,16.3,77.7,64,43,29
2024-03-18T10:00:00,24.4,Gujrāt,PK,110,248.4,10.7,119.3,59,39,36
2024-03-18T11:00:00,25.6,Gujrāt,PK,100,179.7,5,161,54,35,43
2024-03-18T12:00:00,26.3,Gujrāt,PK,99,156,4,159,49.7,31.67,39
2024-03-18T13:00:00,28.9,Gujrāt,PK,96,132.3,3,157,45.3,28.33,35
2024-03-18T14:00:00,29.3,Gujrāt,PK,94,108.5,2,155,41,25,31
2024-03-18T15:00:00,29.3,Gujrāt,PK,79,111.1,4.3,143.3,34.3,21,27.7
2024-03-18T16:00:00,29.3,Gujrāt,PK,65,113.6,6.7,131.7,27.7,17,24.3
2024-03-18T17:00:00,29.3,Gujrāt,PK,52,116.1,9,120,21,13,21
2024-03-18T18:00:00,27.8,Gujrāt,PK,72,189.5,20.7,100,34,22,26.3
2024-03-18T19:00:00,23.7,Gujrāt,PK,91,262.8,32.3,80,47,31,31.7
2024-03-18T20:00:00,22.2,Gujrāt,PK,112,336.2,44,60,60,40,37
2024-03-18T21:00:00,21.5,Gujrāt,PK,132,333,38.7,55.3,70.3,47.33,34.3
2024-03-18T22:00:00,20.4,Gujrāt,PK,152,329.9,33.3,50.7,80.7,54.67,31.7
2024-03-18T23:00:00,19.6,Gujrāt,PK,159,326.8,28,46,91,62,29
2024-03-19T00:00:00,17.8,Gujrāt,PK,152,300,24.7,45.3,83,56.67,26.3
2024-03-19T01:00:00,16.3,Gujrāt,PK,143,273.1,21.3,44.7,75,51.33,23.7
2024-03-19T02:00:00,15.9,Gujrāt,PK,129,246.3,18,44,67,46,21
2024-03-19T03:00:00,15.2,Gujrāt,PK,121,232.5,16.7,44,62.7,43,20
2024-03-19T04:00:00,15.9,Gujrāt,PK,112,218.7,15.3,44,58.3,40,19
2024-03-19T05:00:00,15.6,Gujrāt,PK,104,204.8,14,44,54,37,18
2024-03-19T06:00:00,14.1,Gujrāt,PK,104,222.7,14.3,46,54.3,37,19
2024-03-19T07:00:00,16.3,Gujrāt,PK,104,240.6,14.7,48,54.7,37,20
2024-03-19T08:00:00,17,Gujrāt,PK,104,258.5,15,50,55,37,21
2024-03-19T09:00:00,18.9,Gujrāt,PK,103,219,11.3,85.7,55,36.67,25
2024-03-19T10:00:00,25.2,Gujrāt,PK,103,179.6,7.7,121.3,55,36.33,29
2024-03-19T11:00:00,26.7,Gujrāt,PK,102,140.1,4,157,55,36,33
2024-03-19T12:00:00,27,Gujrāt,PK,98,128.4,3.3,158,50,32.67,30.3
2024-03-19T13:00:00,29.6,Gujrāt,PK,99,116.7,2.7,159,45,29.33,27.7
2024-03-19T14:00:00,30,Gujrāt,PK,100,105,2,160,40,26,25
2024-03-19T15:00:00,30.4,Gujrāt,PK,87,111.1,4,149.3,35.7,23,23.3
2024-03-19T16:00:00,30.4,Gujrāt,PK,73,117.1,6,138.7,31.3,20,21.7
2024-03-19T17:00:00,30,Gujrāt,PK,61,123.1,8,128,27,17,20
2024-03-19T18:00:00,30.4,Gujrāt,PK,80,187.3,19,107,39.7,26,25.7
2024-03-19T19:00:00,26.7,Gujrāt,PK,100,251.5,30,86,52.3,35,31.3
2024-03-19T20:00:00,23.3,Gujrāt,PK,123,315.7,41,65,65,44,37
2024-03-19T21:00:00,21.9,Gujrāt,PK,141,353.9,44.3,52.3,74.7,50.67,39
2024-03-19T22:00:00,19.3,Gujrāt,PK,153,392,47.7,39.7,84.3,57.33,41
2024-03-19T23:00:00,19.3,Gujrāt,PK,161,430.1,51,27,94,64,43
2024-03-20T00:00:00,18.5,Gujrāt,PK,158,410.3,46.3,22.7,90.3,61.67,37.3
2024-03-20T01:00:00,17,Gujrāt,PK,155,390.4,41.7,18.3,86.7,59.33,31.7
2024-03-20T02:00:00,17,Gujrāt,PK,152,370.6,37,14,83,57,26
2024-03-20T03:00:00,16.3,Gujrāt,PK,151,348.2,33.3,15.7,79,54.33,24.7
2024-03-20T04:00:00,15.9,Gujrāt,PK,144,325.8,29.7,17.3,75,51.67,23.3
2024-03-20T05:00:00,15.6,Gujrāt,PK,137,303.5,26,19,71,49,22
2024-03-20T06:00:00,15.9,Gujrāt,PK,134,295.7,22.7,28.7,70,48,22
2024-03-20T07:00:00,17.8,Gujrāt,PK,131,287.9,19.3,38.3,69,47,22
2024-03-20T08:00:00,18.1,Gujrāt,PK,129,280.1,16,48,68,46,22
2024-03-20T09:00:00,19.6,Gujrāt,PK,121,240.8,12.3,89,64.3,43.33,32.7
2024-03-20T10:00:00,25.6,Gujrāt,PK,114,201.5,8.7,130,60.7,40.67,43.3
2024-03-20T11:00:00,26.7,Gujrāt,PK,107,162.2,5,171,57,38,54
2024-03-20T12:00:00,27.4,Gujrāt,PK,104,145.7,4,172.3,50.3,33,47.7
2024-03-20T13:00:00,30.4,Gujrāt,PK,104,129.2,3,173.7,43.7,28,41.3
2024-03-20T14:00:00,30.7,Gujrāt,PK,104,112.6,2,175,37,23,35
2024-03-20T15:00:00,30.7,Gujrāt,PK,100,113,3.7,160,35.3,21.67,31.3
2024-03-20T16:00:00,30.7,Gujrāt,PK,81,113.4,5.3,145,33.7,20.33,27.7
2024-03-20T17:00:00,29.6,Gujrāt,PK,65,113.8,7,130,32,19,24
2024-03-20T18:00:00,28.5,Gujrāt,PK,77,158,14.3,107.7,39.7,24.67,26
2024-03-20T19:00:00,24.8,Gujrāt,PK,90,202.1,21.7,85.3,47.3,30.33,28
2024-03-20T20:00:00,23.3,Gujrāt,PK,102,246.3,29,63,55,36,30
2024-03-20T21:00:00,24.4,Gujrāt,PK,108,273.7,31,55,58.7,38.33,32.3
2024-03-20T22:00:00,24.1,Gujrāt,PK,114,301.1,33,47,62.3,40.67,34.7
2024-03-20T23:00:00,23.7,Gujrāt,PK,121,328.6,35,39,66,43,37
2024-03-21T00:00:00,24.4,Gujrāt,PK,123,321,32.3,34.7,66.3,44,33.7
2024-03-21T01:00:00,21.5,Gujrāt,PK,126,313.4,29.7,30.3,66.7,45,30.3
2024-03-21T02:00:00,20.4,Gujrāt,PK,129,305.8,27,26,67,46,27
2024-03-21T03:00:00,20.7,Gujrāt,PK,121,286.9,23.7,27.3,63,43.33,25.7
2024-03-21T04:00:00,20,Gujrāt,PK,114,268.1,20.3,28.7,59,40.67,24.3
2024-03-21T05:00:00,18.5,Gujrāt,PK,107,249.2,17,30,55,38,23
2024-03-21T06:00:00,19.3,Gujrāt,PK,112,249.6,15.3,37.3,57.7,39.67,25
2024-03-21T07:00:00,20.4,Gujrāt,PK,116,250,13.7,44.7,60.3,41.33,27
2024-03-21T08:00:00,20,Gujrāt,PK,121,250.4,12,52,63,43,29
2024-03-21T09:00:00,20.4,Gujrāt,PK,124,235,9.3,90.3,65.3,44.33,38.3
2024-03-21T10:00:00,24.4,Gujrāt,PK,128,219.6,6.7,128.7,67.7,45.67,47.7
2024-03-21T11:00:00,25.6,Gujrāt,PK,131,204.3,4,167,70,47,57
2024-03-21T12:00:00,26.7,Gujrāt,PK,126,187.1,3.7,176.3,67.3,45,57.3
2024-03-21T13:00:00,28.5,Gujrāt,PK,121,170,3.3,185.7,64.7,43,57.7
2024-03-21T14:00:00,29.6,Gujrāt,PK,115,152.9,3,195,62,41,58
2024-03-21T15:00:00,28.5,Gujrāt,PK,125,150.6,4,176,67.7,44.67,53.3
2024-03-21T16:00:00,28.1,Gujrāt,PK,135,148.2,5,157,73.3,48.33,48.7
2024-03-21T17:00:00,27.8,Gujrāt,PK,145,145.9,6,138,79,52,44
2024-03-21T18:00:00,26.7,Gujrāt,PK,143,164,9,122.3,77.7,51.33,44.7
2024-03-21T19:00:00,24.8,Gujrāt,PK,141,182.1,12,106.7,76.3,50.67,45.3
2024-03-21T20:00:00,24.4,Gujrāt,PK,139,200.2,15,91,75,50,46
2024-03-21T21:00:00,24.4,Gujrāt,PK,143,213.4,15.7,85.7,77,51.33,46.3
2024-03-21T22:00:00,23.3,Gujrāt,PK,147,226.6,16.3,80.3,79,52.67,46.7
2024-03-21T23:00:00,23,Gujrāt,PK,150,239.9,17,75,81,54,47
2024-03-22T00:00:00,22.6,Gujrāt,PK,152,227.6,14.7,77,84.7,54.67,45.7
2024-03-22T01:00:00,21.1,Gujrāt,PK,154,215.3,12.3,79,88.3,55.33,44.3
2024-03-22T02:00:00,21.5,Gujrāt,PK,151,203.1,10,81,92,56,43
2024-03-22T03:00:00,20.7,Gujrāt,PK,142,183.4,8.7,79.7,82.7,51,37.3
2024-03-22T04:00:00,20.4,Gujrāt,PK,129,163.8,7.3,78.3,73.3,46,31.7
2024-03-22T05:00:00,20,Gujrāt,PK,115,144.1,6,77,64,41,26
2024-03-22T06:00:00,19.6,Gujrāt,PK,116,149.2,7.3,74,67,41.33,23.7
2024-03-22T07:00:00,20,Gujrāt,PK,117,154.3,8.7,71,70,41.67,21.3
2024-03-22T08:00:00,20,Gujrāt,PK,118,159.3,10,68,73,42,19
2024-03-22T09:00:00,21.1,Gujrāt,PK,112,136.2,7.3,86,78.3,39.67,18
2024-03-22T10:00:00,24.8,Gujrāt,PK,105,113,4.7,104,83.7,37.33,17
2024-03-22T11:00:00,25.6,Gujrāt,PK,100,89.9,2,122,89,35,16
2024-03-22T12:00:00,26.3,Gujrāt,PK,100,88.7,1.7000000000000002,125.3,92.3,35.33,17.3
2024-03-22T13:00:00,28.1,Gujrāt,PK,101,87.5,1.3,128.7,95.7,35.67,18.7
2024-03-22T14:00:00,28.5,Gujrāt,PK,102,86.4,1,132,99,36,20
2024-03-22T15:00:00,28.9,Gujrāt,PK,108,96.7,3.3,126.3,103.7,38.33,21
2024-03-22T16:00:00,28.9,Gujrāt,PK,114,107,5.7,120.7,108.3,40.67,22
2024-03-22T17:00:00,28.9,Gujrāt,PK,121,117.3,8,115,113,43,23
2024-03-22T18:00:00,27.4,Gujrāt,PK,125,139.9,10.7,100.7,107.7,44.67,24.3
2024-03-22T19:00:00,24.1,Gujrāt,PK,130,162.4,13.3,86.3,102.3,46.33,25.7
2024-03-22T20:00:00,23.7,Gujrāt,PK,134,185,16,72,97,48,27
2024-03-22T21:00:00,24.1,Gujrāt,PK,133,177.6,14,70.7,97.7,47.67,26
2024-03-22T22:00:00,22.6,Gujrāt,PK,132,170.2,12,69.3,98.3,47.33,25
2024-03-22T23:00:00,22.6,Gujrāt,PK,131,162.8,10,68,99,47,24
2024-03-23T00:00:00,22.2,Gujrāt,PK,133,159.3,9.7,63.3,98,47.67,23.3
2024-03-23T01:00:00,20.7,Gujrāt,PK,135,155.8,9.3,58.7,97,48.33,22.7
2024-03-23T02:00:00,20.7,Gujrāt,PK,137,152.3,9,54,96,49,22
2024-03-23T03:00:00,19.3,Gujrāt,PK,126,150.2,9.7,47.3,86.3,45,18.7
2024-03-23T04:00:00,19.3,Gujrāt,PK,115,148,10.3,40.7,76.7,41,15.3
2024-03-23T05:00:00,19.3,Gujrāt,PK,104,145.9,11,34,67,37,12
2024-03-23T06:00:00,18.9,Gujrāt,PK,101,157.2,10.7,35.3,64.7,35.67,12.3
2024-03-23T07:00:00,19.6,Gujrāt,PK,98,168.5,10.3,36.7,62.3,34.33,12.7
2024-03-23T08:00:00,20.4,Gujrāt,PK,95,179.7,10,38,60,33,13
2024-03-23T09:00:00,20.7,Gujrāt,PK,97,156.4,7.7,70,65,33.67,15.7
2024-03-23T10:00:00,25.9,Gujrāt,PK,98,133.1,5.3,102,70,34.33,18.3
2024-03-23T11:00:00,27,Gujrāt,PK,100,109.7,3,134,75,35,21
2024-03-23T12:00:00,27.4,Gujrāt,PK,93,101,2.7,134,66.7,32,18
2024-03-23T13:00:00,29.3,Gujrāt,PK,87,92.2,2.3,134,58.3,29,15
2024-03-23T14:00:00,29.6,Gujrāt,PK,80,83.5,2,134,50,26,12
2024-03-23T15:00:00,30,Gujrāt,PK,82,89.7,3.7,126.7,52,27,12.7
2024-03-23T16:00:00,30,Gujrāt,PK,85,95.9,5.3,119.3,54,28,13.3
2024-03-23T17:00:00,30,Gujrāt,PK,87,102.1,7,112,56,29,14
2024-03-23T18:00:00,28.9,Gujrāt,PK,92,134.6,11.7,96,56,31.33,16.7
2024-03-23T19:00:00,26.7,Gujrāt,PK,97,167.1,16.3,80,56,33.67,19.3
2024-03-23T20:00:00,24.8,Gujrāt,PK,102,199.6,21,64,56,36,22
2024-03-23T21:00:00,23,Gujrāt,PK,111,221.6,22.7,55.3,60.3,39.33,23.3
2024-03-23T22:00:00,21.9,Gujrāt,PK,120,243.6,24.3,46.7,64.7,42.67,24.7
2024-03-23T23:00:00,23,Gujrāt,PK,129,265.5,26,38,69,46,26
2024-03-24T00:00:00,23.3,Gujrāt,PK,122,257.6,24.3,34,65.7,43.67,22.3
2024-03-24T01:00:00,22.6,Gujrāt,PK,116,249.6,22.7,30,62.3,41.33,18.7
2024-03-24T02:00:00,22.6,Gujrāt,PK,110,241.6,21,26,59,39,15
2024-03-24T03:00:00,21.9,Gujrāt,PK,108,192,15.7,43.7,64.7,38.33,14.7
2024-03-24T04:00:00,21.1,Gujrāt,PK,106,142.4,10.3,61.3,70.3,37.67,14.3
2024-03-24T05:00:00,20.7,Gujrāt,PK,104,92.8,5,79,76,37,14
2024-03-24T06:00:00,20,Gujrāt,PK,103,109.5,7.3,72.3,74.7,36.33,14
2024-03-24T07:00:00,20.7,Gujrāt,PK,101,126.3,9.7,65.7,73.3,35.67,14
2024-03-24T08:00:00,22.2,Gujrāt,PK,100,143,12,59,72,35,14
2024-03-24T09:00:00,23.7,Gujrāt,PK,92,123.3,9,80.7,73.3,31.67,13.7
2024-03-24T10:00:00,26.3,Gujrāt,PK,85,103.7,6,102.3,74.7,28.33,13.3
2024-03-24T11:00:00,27.8,Gujrāt,PK,78,84,3,124,76,25,13
2024-03-24T12:00:00,28.5,Gujrāt,PK,82,80.3,2.7,126.3,84.3,26.67,11.7
2024-03-24T13:00:00,29.3,Gujrāt,PK,85,76.6,2.3,128.7,92.7,28.33,10.3
2024-03-24T14:00:00,30.4,Gujrāt,PK,89,73,2,131,101,30,9
2024-03-24T15:00:00,30.4,Gujrāt,PK,84,72.2,2.7,128.3,93,27.67,9.3
2024-03-24T16:00:00,30.4,Gujrāt,PK,79,71.4,3.3,125.7,85,25.33,9.7
2024-03-24T17:00:00,30.7,Gujrāt,PK,74,70.6,4,123,77,23,10
2024-03-24T18:00:00,28.9,Gujrāt,PK,89,141.4,16.3,98.3,82.7,30,15.3
2024-03-24T19:00:00,25.9,Gujrāt,PK,104,212.2,28.7,73.7,88.3,37,20.7
2024-03-24T20:00:00,23.3,Gujrāt,PK,123,283,41,49,94,44,26
2024-03-24T21:00:00,23,Gujrāt,PK,142,303.3,40.7,40.7,103,51,26.7
2024-03-24T22:00:00,22.2,Gujrāt,PK,153,323.5,40.3,32.3,112,58,27.3
2024-03-24T23:00:00,22.2,Gujrāt,PK,163,343.7,40,24,121,65,28
2024-03-25T00:00:00,21.9,Gujrāt,PK,157,334,38.7,21,110.7,61,26.3
2024-03-25T01:00:00,21.5,Gujrāt,PK,152,324.3,37.3,18,100.3,57,24.7
2024-03-25T02:00:00,20,Gujrāt,PK,148,314.6,36,15,90,53,23
2024-03-25T03:00:00,19.3,Gujrāt,PK,129,285.8,31,14.3,78,46,19.7
2024-03-25T04:00:00,18.9,Gujrāt,PK,110,257,26,13.7,66,39,16.3
2024-03-25T05:00:00,18.9,Gujrāt,PK,93,228.2,21,13,54,32,13
2024-03-25T06:00:00,18.5,Gujrāt,PK,96,244.7,19.7,23,55.7,33.33,14.7
2024-03-25T07:00:00,20,Gujrāt,PK,99,261.3,18.3,33,57.3,34.67,16.3
2024-03-25T08:00:00,22.2,Gujrāt,PK,102,277.8,17,43,59,36,18
2024-03-25T09:00:00,24.8,Gujrāt,PK,98,221.4,12.3,77.3,61.7,34,20.3
2024-03-25T10:00:00,28.1,Gujrāt,PK,93,165,7.7,111.7,64.3,32,22.7
2024-03-25T11:00:00,29.6,Gujrāt,PK,89,108.5,3,146,67,30,25
2024-03-25T12:00:00,30.4,Gujrāt,PK,82,100.2,2.3,145.3,57.3,26.67,25.3
2024-03-25T13:00:00,31.9,Gujrāt,PK,81,91.8,1.7000000000000002,144.7,47.7,23.33,25.7
2024-03-25T14:00:00,33,Gujrāt,PK,80,83.5,1,144,38,20,26
2024-03-25T15:00:00,33.3,Gujrāt,PK,72,83.1,2.3,137.7,31.3,16.67,23
2024-03-25T16:00:00,33.3,Gujrāt,PK,64,82.7,3.7,131.3,24.7,13.33,20
2024-03-25T17:00:00,32.6,Gujrāt,PK,56,82.3,5,125,18,10,17
2024-03-25T18:00:00,30,Gujrāt,PK,54,108.2,8.7,108.3,22.3,13.67,18.7
2024-03-25T19:00:00,27.8,Gujrāt,PK,62,134,12.3,91.7,26.7,17.33,20.3
2024-03-25T20:00:00,24.8,Gujrāt,PK,69,159.9,16,75,31,21,22
2024-03-25T21:00:00,24.1,Gujrāt,PK,71,167.9,15.7,70,31.7,21.67,22.3
2024-03-25T22:00:00,22.6,Gujrāt,PK,72,175.9,15.3,65,32.3,22.33,22.7
2024-03-25T23:00:00,21.9,Gujrāt,PK,74,183.8,15,60,33,23,23
2024-03-26T00:00:00,20.7,Gujrāt,PK,73,188.3,15.7,51.7,33,22.67,21.3
2024-03-26T01:00:00,20.4,Gujrāt,PK,72,192.8,16.3,43.3,33,22.33,19.7
2024-03-26T02:00:00,20.4,Gujrāt,PK,72,197.3,17,35,33,22,18
2024-03-26T03:00:00,20,Gujrāt,PK,81,222,20.7,28,39.7,26.33,18.7
2024-03-26T04:00:00,19.3,Gujrāt,PK,90,246.7,24.3,21,46.3,30.67,19.3
2024-03-26T05:00:00,18.9,Gujrāt,PK,100,271.4,28,14,53,35,20
2024-03-26T06:00:00,18.5,Gujrāt,PK,100,276.6,24.3,26.7,53,35.33,21.3
2024-03-26T07:00:00,20.7,Gujrāt,PK,101,281.9,20.7,39.3,53,35.67,22.7
2024-03-26T08:00:00,21.1,Gujrāt,PK,102,287.1,17,52,53,36,24
2024-03-26T09:00:00,22.6,Gujrāt,PK,92,238.9,13,89.7,47.3,31.67,29.3
2024-03-26T10:00:00,27,Gujrāt,PK,83,190.6,9,127.3,41.7,27.33,34.7
2024-03-26T11:00:00,27.4,Gujrāt,PK,101,142.4,5,165,36,23,40
2024-03-26T12:00:00,28.5,Gujrāt,PK,101,126.1,4,162.3,34,20.67,36
2024-03-26T13:00:00,30.4,Gujrāt,PK,100,109.7,3,159.7,32,18.33,32
2024-03-26T14:00:00,30.7,Gujrāt,PK,96,93.4,2,157,30,16,28
2024-03-26T15:00:00,27.8,Gujrāt,PK,95,107.4,4.7,155.7,33.3,18,30
2024-03-26T16:00:00,27.4,Gujrāt,PK,93,121.4,7.3,154.3,36.7,20,32
2024-03-26T17:00:00,27,Gujrāt,PK,91,135.4,10,153,40,22,34
2024-03-26T18:00:00,26.7,Gujrāt,PK,79,184.6,17.7,130,44.3,25.33,37.7
2024-03-26T19:00:00,25.6,Gujrāt,PK,86,233.8,25.3,107,48.7,28.67,41.3
2024-03-26T20:00:00,25.6,Gujrāt,PK,93,283,33,84,53,32,45
2024-03-26T21:00:00,25.9,Gujrāt,PK,99,299.2,32.3,72,56.7,34.67,43.7
2024-03-26T22:00:00,23.3,Gujrāt,PK,105,315.3,31.7,60,60.3,37.33,42.3
2024-03-26T23:00:00,23.7,Gujrāt,PK,112,331.5,31,48,64,40,41
2024-03-27T00:00:00,24.1,Gujrāt,PK,111,289.9,25.3,55,64.7,39.33,36.3
2024-03-27T01:00:00,23.3,Gujrāt,PK,109,248.2,19.7,62,65.3,38.67,31.7
2024-03-27T02:00:00,23,Gujrāt,PK,107,206.6,14,69,66,38,27
2024-03-27T03:00:00,21.5,Gujrāt,PK,100,202.5,13.3,62.7,58.3,35,24.7
2024-03-27T04:00:00,21.1,Gujrāt,PK,93,198.4,12.7,56.3,50.7,32,22.3
2024-03-27T05:00:00,21.1,Gujrāt,PK,87,194.3,12,50,43,29,20
2024-03-27T06:00:00,21.1,Gujrāt,PK,90,208.2,12.3,50.7,45.3,30.33,20
2024-03-27T07:00:00,22.2,Gujrāt,PK,92,222,12.7,51.3,47.7,31.67,20
2024-03-27T08:00:00,22.6,Gujrāt,PK,95,235.8,13,52,50,33,20
2024-03-27T09:00:00,23.3,Gujrāt,PK,93,204.8,10.7,85.7,50.3,32,25
2024-03-27T10:00:00,27,Gujrāt,PK,91,173.9,8.3,119.3,50.7,31,30
2024-03-27T11:00:00,28.1,Gujrāt,PK,91,143,6,153,51,30,35
2024-03-27T12:00:00,28.5,Gujrāt,PK,92,130.7,5,153.3,50.7,28.67,32
2024-03-27T13:00:00,28.5,Gujrāt,PK,92,118.5,4,153.7,50.3,27.33,29
2024-03-27T14:00:00,28.5,Gujrāt,PK,92,106.2,3,154,50,26,26
2024-03-27T15:00:00,27,Gujrāt,PK,82,119.1,6,145,51.7,27,26.3
2024-03-27T16:00:00,27,Gujrāt,PK,85,131.9,9,136,53.3,28,26.7
2024-03-27T17:00:00,27,Gujrāt,PK,87,144.7,12,127,55,29,27
2024-03-27T18:00:00,26.7,Gujrāt,PK,96,140.6,11.3,112,67.7,33.33,28
2024-03-27T19:00:00,24.4,Gujrāt,PK,106,136.6,10.7,97,80.3,37.67,29
2024-03-27T20:00:00,24.1,Gujrāt,PK,118,132.5,10,82,93,42,30
2024-03-27T21:00:00,23.7,Gujrāt,PK,120,137.1,10.7,72.7,93.3,42.67,29.7
2024-03-27T22:00:00,22.6,Gujrāt,PK,121,141.8,11.3,63.3,93.7,43.33,29.3
2024-03-27T23:00:00,22.6,Gujrāt,PK,123,146.5,12,54,94,44,29
2024-03-28T00:00:00,22.2,Gujrāt,PK,120,144,11.7,50,90,42.67,26.7
2024-03-28T01:00:00,21.5,Gujrāt,PK,116,141.4,11.3,46,86,41.33,24.3
2024-03-28T02:00:00,21.1,Gujrāt,PK,112,138.9,11,42,82,40,22
2024-03-28T03:00:00,20.4,Gujrāt,PK,110,142,11,39.7,78,39,21.3
2024-03-28T04:00:00,20.4,Gujrāt,PK,107,145.1,11,37.3,74,38,20.7
2024-03-28T05:00:00,20.7,Gujrāt,PK,104,148.2,11,35,70,37,20
2024-03-28T06:00:00,20,Gujrāt,PK,107,159.9,11,36.3,73,38,19.3
2024-03-28T07:00:00,21.1,Gujrāt,PK,110,171.6,11,37.7,76,39,18.7
2024-03-28T08:00:00,21.9,Gujrāt,PK,112,183.3,11,39,79,40,18
2024-03-28T09:00:00,22.6,Gujrāt,PK,103,150.4,8.3,63.7,78.3,36.33,16.7
2024-03-28T10:00:00,26.7,Gujrāt,PK,95,117.5,5.7,88.3,77.7,32.67,15.3
2024-03-28T11:00:00,27.8,Gujrāt,PK,87,84.6,3,113,77,29,14
2024-03-28T12:00:00,28.1,Gujrāt,PK,85,84,3,108.7,75.7,28.33,13.7
2024-03-28T13:00:00,29.3,Gujrāt,PK,84,83.5,3,104.3,74.3,27.67,13.3
2024-03-28T14:00:00,28.9,Gujrāt,PK,82,82.9,3,100,73,27,13
2024-03-28T15:00:00,28.5,Gujrāt,PK,87,92,4.7,92.3,70,29.33,15.7
2024-03-28T16:00:00,27.8,Gujrāt,PK,92,101.2,6.3,84.7,67,31.67,18.3
2024-03-28T17:00:00,27.4,Gujrāt,PK,98,110.3,8,77,64,34,21
2024-03-28T18:00:00,27,Gujrāt,PK,107,144.3,14.7,67,68.3,38,24
2024-03-28T19:00:00,25.6,Gujrāt,PK,118,178.4,21.3,57,72.7,42,27
2024-03-28T20:00:00,25.2,Gujrāt,PK,129,212.4,28,47,77,46,30
2024-03-28T21:00:00,24.8,Gujrāt,PK,124,224.1,27,41.7,74.7,44.33,29.7
2024-03-28T22:00:00,23.3,Gujrāt,PK,120,235.8,26,36.3,72.3,42.67,29.3
2024-03-28T23:00:00,22.6,Gujrāt,PK,115,247.4,25,31,70,41,29
2024-03-29T00:00:00,21.9,Gujrāt,PK,112,218.7,21,33.7,71.7,39.67,26
2024-03-29T01:00:00,21.1,Gujrāt,PK,108,189.9,17,36.3,73.3,38.33,23
2024-03-29T02:00:00,21.1,Gujrāt,PK,104,161.1,13,39,75,37,20
2024-03-29T03:00:00,21.5,Gujrāt,PK,100,155.2,12.3,39,70.3,35.33,19.7
2024-03-29T04:00:00,21.1,Gujrāt,PK,97,149.4,11.7,39,65.7,33.67,19.3
2024-03-29T05:00:00,21.1,Gujrāt,PK,93,143.6,11,39,61,32,19
2024-03-29T06:00:00,20.7,Gujrāt,PK,87,126.1,9.7,47,57,29,16.7
2024-03-29T07:00:00,21.9,Gujrāt,PK,80,108.5,8.3,55,53,26,14.3
2024-03-29T08:00:00,22.6,Gujrāt,PK,74,91,7,63,49,23,12
2024-03-29T09:00:00,23.7,Gujrāt,PK,72,80.1,5.3,74.7,51.7,22.33,11.3
2024-03-29T10:00:00,28.1,Gujrāt,PK,71,69.3,3.7,86.3,54.3,21.67,10.7
2024-03-29T11:00:00,28.9,Gujrāt,PK,69,58.4,2,98,57,21,10
2024-03-29T12:00:00,29.3,Gujrāt,PK,68,57.8,2,100,57.7,20.33,10
2024-03-29T13:00:00,31.9,Gujrāt,PK,67,57.2,2,102,58.3,19.67,10
2024-03-29T14:00:00,32.2,Gujrāt,PK,65,56.6,2,104,59,19,10
2024-03-29T15:00:00,31.5,Gujrāt,PK,64,62.4,3.7,99,55.3,18.67,10
2024-03-29T16:00:00,30.4,Gujrāt,PK,64,68.3,5.3,94,51.7,18.33,10
2024-03-29T17:00:00,30.4,Gujrāt,PK,63,74.1,7,89,48,18,10
2024-03-29T18:00:00,30,Gujrāt,PK,77,105,11.3,77,56.3,24.67,13
2024-03-29T19:00:00,27,Gujrāt,PK,92,136,15.7,65,64.7,31.33,16
2024-03-29T20:00:00,26.7,Gujrāt,PK,107,166.9,20,53,73,38,19
2024-03-29T21:00:00,25.9,Gujrāt,PK,94,156.8,17.7,54,61,32.33,18.7
2024-03-29T22:00:00,24.1,Gujrāt,PK,82,146.7,15.3,55,49,26.67,18.3
2024-03-29T23:00:00,23.7,Gujrāt,PK,69,136.6,13,56,37,21,18
2024-03-30T00:00:00,24.1,Gujrāt,PK,69,127.6,12,54.3,38,21,17.3
2024-03-30T01:00:00,23,Gujrāt,PK,69,118.7,11,52.7,39,21,16.7
2024-03-30T02:00:00,21.5,Gujrāt,PK,69,109.7,10,51,40,21,16
2024-03-30T03:00:00,20,Gujrāt,PK,69,95.3,7.7,61.3,39.3,20.67,14
2024-03-30T04:00:00,19.3,Gujrāt,PK,68,80.9,5.3,71.7,38.7,20.33,12
2024-03-30T05:00:00,18.9,Gujrāt,PK,67,66.5,3,82,38,20,10
2024-03-30T06:00:00,18.9,Gujrāt,PK,71,71.6,3.7,80.3,40.7,21.67,11.3
2024-03-30T07:00:00,19.6,Gujrāt,PK,74,76.6,4.3,78.7,43.3,23.33,12.7
2024-03-30T08:00:00,20.4,Gujrāt,PK,78,81.7,5,77,46,25,14
2024-03-30T09:00:00,21.1,Gujrāt,PK,78,78.4,4,88.3,49.3,25,13
2024-03-30T10:00:00,26.3,Gujrāt,PK,78,75.1,3,99.7,52.7,25,12
2024-03-30T11:00:00,27,Gujrāt,PK,78,71.8,2,111,56,25,11
2024-03-30T12:00:00,27.8,Gujrāt,PK,80,72,2,113,62.7,26,10.7
2024-03-30T13:00:00,29.3,Gujrāt,PK,82,72.2,2,115,69.3,27,10.3
2024-03-30T14:00:00,30,Gujrāt,PK,85,72.4,2,117,76,28,10
2024-03-30T15:00:00,28.1,Gujrāt,PK,81,77.4,3.7,109,63.7,26.33,11.7
2024-03-30T16:00:00,28.1,Gujrāt,PK,77,82.5,5.3,101,51.3,24.67,13.3
2024-03-30T17:00:00,28.1,Gujrāt,PK,74,87.5,7,93,39,23,15
2024-03-30T18:00:00,28.9,Gujrāt,PK,72,85.6,6.7,90.7,37.7,22,14
2024-03-30T19:00:00,24.1,Gujrāt,PK,69,83.6,6.3,88.3,36.3,21,13
2024-03-30T20:00:00,23.7,Gujrāt,PK,67,81.7,6,86,35,20,12
2024-03-30T21:00:00,20.7,Gujrāt,PK,68,79.8,5.7,87,36.3,20.33,11.7
2024-03-30T22:00:00,17.4,Gujrāt,PK,69,77.8,5.3,88,37.7,20.67,11.3
2024-03-30T23:00:00,17,Gujrāt,PK,69,75.9,5,89,39,21,11
2024-03-31T00:00:00,17.4,Gujrāt,PK,69,74.7,5,86,39,21,11
2024-03-31T01:00:00,17.4,Gujrāt,PK,69,73.5,5,83,39,21,11
2024-03-31T02:00:00,17.4,Gujrāt,PK,69,72.4,5,80,39,21,11
2024-03-31T03:00:00,16.3,Gujrāt,PK,68,73.1,5.3,73.3,36.3,20.33,10.3
2024-03-31T04:00:00,16.7,Gujrāt,PK,67,73.9,5.7,66.7,33.7,19.67,9.7
2024-03-31T05:00:00,17,Gujrāt,PK,65,74.7,6,60,31,19,9
2024-03-31T06:00:00,17,Gujrāt,PK,67,89.1,7,56,32.3,19.67,10.7
2024-03-31T07:00:00,17.4,Gujrāt,PK,68,103.5,8,52,33.7,20.33,12.3
2024-03-31T08:00:00,18.1,Gujrāt,PK,69,117.9,9,48,35,21,14
2024-03-31T09:00:00,18.9,Gujrāt,PK,69,102.7,6.7,69.7,38,20.67,13.3
2024-03-31T10:00:00,22.6,Gujrāt,PK,68,87.5,4.3,91.3,41,20.33,12.7
2024-03-31T11:00:00,23.7,Gujrāt,PK,67,72.4,2,113,44,20,12
2024-03-31T12:00:00,24.8,Gujrāt,PK,67,69.8,1.7000000000000002,114.3,47.3,19.67,10.7
2024-03-31T13:00:00,27.4,Gujrāt,PK,66,67.3,1.3,115.7,50.7,19.33,9.3
2024-03-31T14:00:00,27.8,Gujrāt,PK,65,64.8,1,117,54,19,8
2024-03-31T15:00:00,28.1,Gujrāt,PK,62,66.1,2,111.7,49,17.67,8
2024-03-31T16:00:00,28.1,Gujrāt,PK,59,67.5,3,106.3,44,16.33,8
2024-03-31T17:00:00,27.4,Gujrāt,PK,56,68.9,4,101,39,15,8
2024-03-31T18:00:00,26.7,Gujrāt,PK,62,81.3,6,91.7,39.3,17.33,10.3
2024-03-31T19:00:00,23.7,Gujrāt,PK,67,93.8,8,82.3,39.7,19.67,12.7
2024-03-31T20:00:00,23.7,Gujrāt,PK,72,106.2,10,73,40,22,15
2024-03-31T21:00:00,23,Gujrāt,PK,73,111.9,10,70.7,41,22.67,17.3
2024-03-31T22:00:00,21.5,Gujrāt,PK,74,117.5,10,68.3,42,23.33,19.7
2024-03-31T23:00:00,21.1,Gujrāt,PK,76,123.1,10,66,43,24,22
2024-04-01T00:00:00,20.7,Gujrāt,PK,75,124.1,10,61.3,41.7,23.67,21.7
2024-04-01T01:00:00,19.6,Gujrāt,PK,74,125.1,10,56.7,40.3,23.33,21.3
2024-04-01T02:00:00,19.6,Gujrāt,PK,74,126.1,10,52,39,23,21
2024-04-01T03:00:00,18.5,Gujrāt,PK,75,134.8,11,44,39.7,23.67,19
2024-04-01T04:00:00,18.1,Gujrāt,PK,77,143.6,12,36,40.3,24.33,17
2024-04-01T05:00:00,18.5,Gujrāt,PK,78,152.3,13,28,41,25,15
2024-04-01T06:00:00,18.1,Gujrāt,PK,80,164.8,12.7,34,42.7,26,17.3
2024-04-01T07:00:00,19.3,Gujrāt,PK,82,177.2,12.3,40,44.3,27,19.7
2024-04-01T08:00:00,19.3,Gujrāt,PK,85,189.7,12,46,46,28,22
2024-04-01T09:00:00,19.6,Gujrāt,PK,82,165,9.3,77.3,46.7,26.67,24.3
2024-04-01T10:00:00,24.8,Gujrāt,PK,79,140.3,6.7,108.7,47.3,25.33,26.7
2024-04-01T11:00:00,25.9,Gujrāt,PK,76,115.6,4,140,48,24,29
2024-04-01T12:00:00,27,Gujrāt,PK,75,102.5,3.3,140.3,44.7,21.67,24.7
2024-04-01T13:00:00,29.3,Gujrāt,PK,76,89.5,2.7,140.7,41.3,19.33,20.3
2024-04-01T14:00:00,29.6,Gujrāt,PK,76,76.5,2,141,38,17,16
2024-04-01T15:00:00,29.6,Gujrāt,PK,70,78,3,136,33,15.33,16.3
2024-04-01T16:00:00,29.6,Gujrāt,PK,64,79.6,4,131,28,13.67,16.7
2024-04-01T17:00:00,29.6,Gujrāt,PK,58,81.1,5,126,23,12,17
2024-04-01T18:00:00,28.9,Gujrāt,PK,61,130.3,13.7,104.3,29,17,21
2024-04-01T19:00:00,24.1,Gujrāt,PK,72,179.6,22.3,82.7,35,22,25
2024-04-01T20:00:00,23,Gujrāt,PK,82,228.8,31,61,41,27,29
2024-04-01T21:00:00,22.2,Gujrāt,PK,85,243.6,31.3,54,43,28.33,30
2024-04-01T22:00:00,20.7,Gujrāt,PK,88,258.3,31.7,47,45,29.67,31
2024-04-01T23:00:00,20,Gujrāt,PK,91,273.1,32,40,47,31,32
2024-04-02T00:00:00,19.6,Gujrāt,PK,90,275.1,31.7,33,46.3,30.67,28.7
2024-04-02T01:00:00,18.5,Gujrāt,PK,90,277,31.3,26,45.7,30.33,25.3
2024-04-02T02:00:00,17.8,Gujrāt,PK,89,279,31,19,45,30,22
2024-04-02T03:00:00,18.1,Gujrāt,PK,90,277,30,15.7,46,30.67,20
2024-04-02T04:00:00,18.1,Gujrāt,PK,92,275.1,29,12.3,47,31.33,18
2024-04-02T05:00:00,17.4,Gujrāt,PK,93,273.1,28,9,48,32,16
2024-04-02T06:00:00,16.7,Gujrāt,PK,100,278.6,25.3,26.7,52.3,35,19
2024-04-02T07:00:00,19.6,Gujrāt,PK,107,284,22.7,44.3,56.7,38,22
2024-04-02T08:00:00,20.7,Gujrāt,PK,115,289.5,20,62,61,41,25
2024-04-02T09:00:00,21.9,Gujrāt,PK,99,236.2,14.3,98.7,52.3,34.67,28.7
2024-04-02T10:00:00,27,Gujrāt,PK,85,182.9,8.7,135.3,43.7,28.33,32.3
2024-04-02T11:00:00,28.1,Gujrāt,PK,104,129.6,3,172,35,22,36
2024-04-02T12:00:00,28.9,Gujrāt,PK,102,113.4,2.7,167,32.7,19.67,31
2024-04-02T13:00:00,31.1,Gujrāt,PK,101,97.3,2.3,162,30.3,17.33,26
2024-04-02T14:00:00,31.9,Gujrāt,PK,96,81.1,2,157,28,15,21
2024-04-02T15:00:00,31.1,Gujrāt,PK,87,83.6,3.3,149.3,23.3,13,20
2024-04-02T16:00:00,31.1,Gujrāt,PK,77,86.2,4.7,141.7,18.7,11,19
2024-04-02T17:00:00,30.7,Gujrāt,PK,68,88.7,6,134,14,9,18
2024-04-02T18:00:00,29.6,Gujrāt,PK,52,125.1,12.3,113,19.3,12.67,21
2024-04-02T19:00:00,25.2,Gujrāt,PK,59,161.5,18.7,92,24.7,16.33,24
2024-04-02T20:00:00,23.7,Gujrāt,PK,67,197.8,25,71,30,20,27
2024-04-02T21:00:00,23.7,Gujrāt,PK,75,217.1,26.3,62.7,35.3,23.67,28.3
2024-04-02T22:00:00,21.5,Gujrāt,PK,83,236.4,27.7,54.3,40.7,27.33,29.7
2024-04-02T23:00:00,21.1,Gujrāt,PK,91,255.6,29,46,46,31,31
2024-04-03T00:00:00,21.9,Gujrāt,PK,90,249.6,27.3,40.3,44.7,30.33,26.7
2024-04-03T01:00:00,21.9,Gujrāt,PK,88,243.6,25.7,34.7,43.3,29.67,22.3
2024-04-03T02:00:00,21.1,Gujrāt,PK,87,237.5,24,29,42,29,18
2024-04-03T03:00:00,18.9,Gujrāt,PK,85,224.7,21,33.3,40.3,28,18.7
2024-04-03T04:00:00,18.9,Gujrāt,PK,82,211.8,18,37.7,38.7,27,19.3
2024-04-03T05:00:00,18.9,Gujrāt,PK,80,199,15,42,37,26,20
2024-04-03T06:00:00,18.9,Gujrāt,PK,83,204.8,14.7,47.3,39,27.33,20.3
2024-04-03T07:00:00,19.6,Gujrāt,PK,86,210.7,14.3,52.7,41,28.67,20.7
2024-04-03T08:00:00,20.7,Gujrāt,PK,89,216.5,14,58,43,30,21
2024-04-03T09:00:00,22.2,Gujrāt,PK,84,179.9,10.3,93,40.3,27.67,22
2024-04-03T10:00:00,27.8,Gujrāt,PK,79,143.4,6.7,128,37.7,25.33,23
2024-04-03T11:00:00,28.5,Gujrāt,PK,101,106.8,3,163,35,23,24
2024-04-03T12:00:00,29.6,Gujrāt,PK,101,103.3,2.7,164.3,35,22.67,26.7
2024-04-03T13:00:00,31.1,Gujrāt,PK,102,99.8,2.3,165.7,35,22.33,29.3
2024-04-03T14:00:00,30.7,Gujrāt,PK,102,96.3,2,167,35,22,32
2024-04-03T15:00:00,28.9,Gujrāt,PK,90,93.6,3.7,151.7,37.7,22,27
2024-04-03T16:00:00,28.9,Gujrāt,PK,72,90.8,5.3,136.3,40.3,22,22
2024-04-03T17:00:00,28.5,Gujrāt,PK,72,88.1,7,121,43,22,17
2024-04-03T18:00:00,28.5,Gujrāt,PK,74,110.5,10.3,110,42.3,23,19.3
2024-04-03T19:00:00,25.6,Gujrāt,PK,76,132.9,13.7,99,41.7,24,21.7
2024-04-03T20:00:00,25.2,Gujrāt,PK,78,155.2,17,88,41,25,24
2024-04-03T21:00:00,24.4,Gujrāt,PK,77,141.4,14.7,85,41,24.67,22.7
2024-04-03T22:00:00,23,Gujrāt,PK,77,127.6,12.3,82,41,24.33,21.3
2024-04-03T23:00:00,23,Gujrāt,PK,76,113.8,10,79,41,24,20
2024-04-04T00:00:00,22.2,Gujrāt,PK,70,105,9.3,75,36.7,21.33,17.7
2024-04-04T01:00:00,20.4,Gujrāt,PK,64,96.3,8.7,71,32.3,18.67,15.3
2024-04-04T02:00:00,20.4,Gujrāt,PK,59,87.5,8,67,28,16,13
2024-04-04T03:00:00,18.9,Gujrāt,PK,56,86,7.7,64.3,26,15,12
2024-04-04T04:00:00,18.1,Gujrāt,PK,54,84.4,7.3,61.7,24,14,11
2024-04-04T05:00:00,18.1,Gujrāt,PK,52,82.9,7,59,22,13,10
2024-04-04T06:00:00,18.1,Gujrāt,PK,56,97.7,7.7,57.7,26,15,11.3
2024-04-04T07:00:00,20,Gujrāt,PK,61,112.4,8.3,56.3,30,17,12.7
2024-04-04T08:00:00,21.5,Gujrāt,PK,65,127.2,9,55,34,19,14
2024-04-04T09:00:00,22.6,Gujrāt,PK,67,115.4,7,82.7,40,20,16.3
2024-04-04T10:00:00,27.8,Gujrāt,PK,69,103.5,5,110.3,46,21,18.7
2024-04-04T11:00:00,29.3,Gujrāt,PK,72,91.6,3,138,52,22,21
2024-04-04T12:00:00,30,Gujrāt,PK,75,81.9,2.7,139.7,43.7,18.33,17.3
2024-04-04T13:00:00,31.9,Gujrāt,PK,77,72.2,2.3,141.3,35.3,14.67,13.7
2024-04-04T14:00:00,32.2,Gujrāt,PK,79,62.4,2,143,27,11,10
2024-04-04T15:00:00,31.5,Gujrāt,PK,66,67.5,3.7,132.7,28.7,12,10
2024-04-04T16:00:00,31.1,Gujrāt,PK,53,72.6,5.3,122.3,30.3,13,10
2024-04-04T17:00:00,30.4,Gujrāt,PK,54,77.6,7,112,32,14,10
2024-04-04T18:00:00,29.6,Gujrāt,PK,61,86.2,7.7,105,35.3,17,12.7
2024-04-04T19:00:00,26.3,Gujrāt,PK,67,94.7,8.3,98,38.7,20,15.3
2024-04-04T20:00:00,25.6,Gujrāt,PK,74,103.3,9,91,42,23,18
2024-04-04T21:00:00,24.8,Gujrāt,PK,74,106.4,8.7,89.3,42.7,23.33,20.3
2024-04-04T22:00:00,22.6,Gujrāt,PK,75,109.5,8.3,87.7,43.3,23.67,22.7
2024-04-04T23:00:00,22.2,Gujrāt,PK,76,112.6,8,86,44,24,25
2024-04-05T00:00:00,22.6,Gujrāt,PK,77,116.1,8.7,76.3,43.3,24.67,23
2024-04-05T01:00:00,21.5,Gujrāt,PK,79,119.6,9.3,66.7,42.7,25.33,21
2024-04-05T02:00:00,21.9,Gujrāt,PK,80,123.1,10,57,42,26,19
2024-04-05T03:00:00,20.4,Gujrāt,PK,80,124.7,10.7,50,41,25.67,16.7
2024-04-05T04:00:00,20.4,Gujrāt,PK,79,126.3,11.3,43,40,25.33,14.3
2024-04-05T05:00:00,20,Gujrāt,PK,78,127.8,12,36,39,25,12
2024-04-05T06:00:00,20,Gujrāt,PK,80,142.2,12,39,40.3,25.67,12.7
2024-04-05T07:00:00,21.5,Gujrāt,PK,81,156.6,12,42,41.7,26.33,13.3
2024-04-05T08:00:00,21.9,Gujrāt,PK,82,171,12,45,43,27,14
2024-04-05T09:00:00,23,Gujrāt,PK,80,145.9,9,79.7,44,25.67,16.3
2024-04-05T10:00:00,29.3,Gujrāt,PK,77,120.8,6,114.3,45,24.33,18.7
2024-04-05T11:00:00,30,Gujrāt,PK,86,95.7,3,149,46,23,21
2024-04-05T12:00:00,30.7,Gujrāt,PK,84,87.2,2.3,147.3,45.7,22.33,19
2024-04-05T13:00:00,32.6,Gujrāt,PK,82,78.6,1.7,145.7,45.3,21.67,17
2024-04-05T14:00:00,33,Gujrāt,PK,80,70,1,144,45,21,15
2024-04-05T15:00:00,32.2,Gujrāt,PK,70,72,2.7,135.7,37.7,18,13.3
2024-04-05T16:00:00,32.2,Gujrāt,PK,59,73.9,4.3,127.3,30.3,15,11.7
2024-04-05T17:00:00,31.5,Gujrāt,PK,55,75.9,6,119,23,12,10
2024-04-05T18:00:00,30,Gujrāt,PK,60,125.1,14,99.3,28.7,16.67,14.3
2024-04-05T19:00:00,26.7,Gujrāt,PK,70,174.3,22,79.7,34.3,21.33,18.7
2024-04-05T20:00:00,26.7,Gujrāt,PK,80,223.5,30,60,40,26,23
2024-04-05T21:00:00,25.9,Gujrāt,PK,82,251.5,31.7,49,41.3,26.67,24
2024-04-05T22:00:00,24.1,Gujrāt,PK,83,279.5,33.3,38,42.7,27.33,25
2024-04-05T23:00:00,23,Gujrāt,PK,85,307.6,35,27,44,28,26
2024-04-06T00:00:00,22.2,Gujrāt,PK,84,279.5,31.3,27.7,43.3,27.67,22
2024-04-06T01:00:00,20.4,Gujrāt,PK,83,251.5,27.7,28.3,42.7,27.33,18
2024-04-06T02:00:00,19.6,Gujrāt,PK,82,223.5,24,29,42,27,14
2024-04-06T03:00:00,18.9,Gujrāt,PK,77,198,21.3,28.7,38.7,24.67,13
2024-04-06T04:00:00,18.9,Gujrāt,PK,72,172.6,18.7,28.3,35.3,22.33,12
2024-04-06T05:00:00,18.5,Gujrāt,PK,67,147.1,16,28,32,20,11
2024-04-06T06:00:00,18.5,Gujrāt,PK,69,156,14.7,35.3,33.7,21,12.3
2024-04-06T07:00:00,21.1,Gujrāt,PK,72,165,13.3,42.7,35.3,22,13.7
2024-04-06T08:00:00,22.2,Gujrāt,PK,74,173.9,12,50,37,23,15
2024-04-06T09:00:00,23,Gujrāt,PK,70,143,9,81.7,36.3,21.33,17.3
2024-04-06T10:00:00,28.5,Gujrāt,PK,67,112.1,6,113.3,35.7,19.67,19.7
2024-04-06T11:00:00,30,Gujrāt,PK,81,81.1,3,145,35,18,22
2024-04-06T12:00:00,30.4,Gujrāt,PK,81,75.7,2.3,144.7,31.7,16.67,18.7
2024-04-06T13:00:00,33,Gujrāt,PK,80,70.2,1.7,144.3,28.3,15.33,15.3
2024-04-06T14:00:00,33.3,Gujrāt,PK,80,64.8,1,144,25,14,12
2024-04-06T15:00:00,33,Gujrāt,PK,72,67.3,2.3,137.7,19,11,11
2024-04-06T16:00:00,33,Gujrāt,PK,64,69.8,3.7,131.3,13,8,10
2024-04-06T17:00:00,32.6,Gujrāt,PK,56,72.4,5,125,7,5,9
2024-04-06T18:00:00,31.5,Gujrāt,PK,50,96.3,8.7,108.3,12,8.33,12.3
2024-04-06T19:00:00,27,Gujrāt,PK,49,120.2,12.3,91.7,17,11.67,15.7
2024-04-06T20:00:00,26.3,Gujrāt,PK,56,144.1,16,75,22,15,19
2024-04-06T21:00:00,25.6,Gujrāt,PK,59,152.1,16,69.3,23.3,16,20
2024-04-06T22:00:00,23.3,Gujrāt,PK,61,160.1,16,63.7,24.7,17,21
2024-04-06T23:00:00,22.2,Gujrāt,PK,63,168.1,16,58,26,18,22
2024-04-07T00:00:00,21.9,Gujrāt,PK,64,167.3,16.3,50,27,18.67,20.3
2024-04-07T01:00:00,20.4,Gujrāt,PK,66,166.5,16.7,42,28,19.33,18.7
2024-04-07T02:00:00,20.7,Gujrāt,PK,67,165.7,17,34,29,20,17
2024-04-07T03:00:00,19.3,Gujrāt,PK,69,170.2,18,30.3,30.7,21,15.7
2024-04-07T04:00:00,18.5,Gujrāt,PK,72,174.7,19,26.7,32.3,22,14.3
2024-04-07T05:00:00,18.1,Gujrāt,PK,74,179.2,20,23,34,23,13
2024-04-07T06:00:00,17.8,Gujrāt,PK,77,189.3,18.3,33.3,36.7,24.67,15.3
2024-04-07T07:00:00,20.7,Gujrāt,PK,81,199.4,16.7,43.7,39.3,26.33,17.7
2024-04-07T08:00:00,22.6,Gujrāt,PK,85,209.5,15,54,42,28,20
2024-04-07T09:00:00,24.1,Gujrāt,PK,82,177.2,11,91,40.3,26.67,22.3
2024-04-07T10:00:00,29.6,Gujrāt,PK,79,144.9,7,128,38.7,25.33,24.7
2024-04-07T11:00:00,30.4,Gujrāt,PK,101,112.6,3,165,37,24,27
2024-04-07T12:00:00,31.5,Gujrāt,PK,100,98.6,2.7,161.3,32.3,20.67,22.3
2024-04-07T13:00:00,33.7,Gujrāt,PK,97,84.6,2.3,157.7,27.7,17.33,17.7
2024-04-07T14:00:00,34.1,Gujrāt,PK,92,70.6,2,154,23,14,13
2024-04-07T15:00:00,33.3,Gujrāt,PK,80,74.1,3,143.7,19,11.67,13
2024-04-07T16:00:00,33.7,Gujrāt,PK,67,77.6,4,133.3,15,9.33,13
2024-04-07T17:00:00,33.3,Gujrāt,PK,54,81.1,5,123,11,7,13
2024-04-07T18:00:00,33.3,Gujrāt,PK,51,127.2,13,102.7,18.7,12.67,17
2024-04-07T19:00:00,30,Gujrāt,PK,64,173.3,21,82.3,26.3,18.33,21
2024-04-07T20:00:00,29.3,Gujrāt,PK,76,219.4,29,62,34,24,25
2024-04-07T21:00:00,26.7,Gujrāt,PK,85,227.8,28.7,54.7,40.3,28.33,23.3
2024-04-07T22:00:00,23,Gujrāt,PK,95,236.2,28.3,47.3,46.7,32.67,21.7
2024-04-07T23:00:00,22.6,Gujrāt,PK,104,244.5,28,40,53,37,20
2024-04-08T00:00:00,21.9,Gujrāt,PK,95,222.4,25,39.3,47.3,32.67,17.3
2024-04-08T01:00:00,20.7,Gujrāt,PK,85,200.2,22,38.7,41.7,28.33,14.7
2024-04-08T02:00:00,20.7,Gujrāt,PK,76,178,19,38,36,24,12
2024-04-08T03:00:00,18.9,Gujrāt,PK,74,182.5,20,32.3,35,23.33,12.7
2024-04-08T04:00:00,18.5,Gujrāt,PK,73,186.9,21,26.7,34,22.67,13.3
2024-04-08T05:00:00,18.9,Gujrāt,PK,72,191.4,22,21,33,22,14
2024-04-08T06:00:00,18.9,Gujrāt,PK,74,194.5,19.3,35.3,35.7,23.33,15.3
2024-04-08T07:00:00,21.5,Gujrāt,PK,77,197.6,16.7,49.7,38.3,24.67,16.7
2024-04-08T08:00:00,23,Gujrāt,PK,80,200.8,14,64,41,26,18
2024-04-08T09:00:00,24.1,Gujrāt,PK,77,160.7,10,91.7,39,24.67,17
2024-04-08T10:00:00,29.6,Gujrāt,PK,74,120.6,6,119.3,37,23.33,16
2024-04-08T11:00:00,30.7,Gujrāt,PK,84,80.5,2,147,35,22,15
2024-04-08T12:00:00,31.5,Gujrāt,PK,85,75.7,2,148.3,32,19.67,14
2024-04-08T13:00:00,34.1,Gujrāt,PK,87,70.8,2,149.7,29,17.33,13
2024-04-08T14:00:00,34.4,Gujrāt,PK,89,65.9,2,151,26,15,12
2024-04-08T15:00:00,34.4,Gujrāt,PK,82,72.8,4,145.7,21.3,12.67,11
2024-04-08T16:00:00,34.8,Gujrāt,PK,75,79.6,6,140.3,16.7,10.33,10
2024-04-08T17:00:00,34.4,Gujrāt,PK,69,86.4,8,135,12,8,9
2024-04-08T18:00:00,35.2,Gujrāt,PK,54,115.4,12.3,116.3,16,11,12
2024-04-08T19:00:00,31.1,Gujrāt,PK,54,144.3,16.7,97.7,20,14,15
2024-04-08T20:00:00,27.8,Gujrāt,PK,61,173.3,21,79,24,17,18
2024-04-08T21:00:00,24.8,Gujrāt,PK,67,178.2,20.3,73,28.3,20,18.7
2024-04-08T22:00:00,22.6,Gujrāt,PK,74,183.1,19.7,67,32.7,23,19.3
2024-04-08T23:00:00,22.2,Gujrāt,PK,80,187.9,19,61,37,26,20
2024-04-09T00:00:00,22.2,Gujrāt,PK,79,201.7,21.3,49.3,36.3,25.33,18.7
2024-04-09T01:00:00,21.1,Gujrāt,PK,77,215.5,23.7,37.7,35.7,24.67,17.3
2024-04-09T02:00:00,20.7,Gujrāt,PK,76,229.4,26,26,35,24,16
2024-04-09T03:00:00,19.3,Gujrāt,PK,78,225.3,24.3,27.3,36.7,25,16.7
2024-04-09T04:00:00,20,Gujrāt,PK,80,221.2,22.7,28.7,38.3,26,17.3
2024-04-09T05:00:00,19.6,Gujrāt,PK,82,217.1,21,30,40,27,18
2024-04-09T06:00:00,18.5,Gujrāt,PK,85,218.9,19,41.3,41,28,18.7
2024-04-09T07:00:00,21.5,Gujrāt,PK,87,220.6,17,52.7,42,29,19.3
2024-04-09T08:00:00,22.2,Gujrāt,PK,89,222.4,15,64,43,30,20
2024-04-09T09:00:00,24.4,Gujrāt,PK,83,184.2,11,99.3,39.3,27.33,22.7
2024-04-09T10:00:00,30.7,Gujrāt,PK,77,146.1,7,134.7,35.7,24.67,25.3
2024-04-09T11:00:00,31.9,Gujrāt,PK,103,108,3,170,32,22,28
2024-04-09T12:00:00,32.6,Gujrāt,PK,103,99.8,2.7,169.7,27.7,18.67,26
2024-04-09T13:00:00,34.8,Gujrāt,PK,103,91.6,2.3,169.3,23.3,15.33,24
2024-04-09T14:00:00,35.2,Gujrāt,PK,103,83.5,2,169,19,12,22
2024-04-09T15:00:00,35.2,Gujrāt,PK,90,84.8,3.7,151.7,16.7,10.67,19
2024-04-09T16:00:00,35.2,Gujrāt,PK,68,86.2,5.3,134.3,14.3,9.33,16
2024-04-09T17:00:00,34.4,Gujrāt,PK,54,87.5,7,117,12,8,13
2024-04-09T18:00:00,32.6,Gujrāt,PK,46,117.5,11.7,100.3,16.7,11,15.7
2024-04-09T19:00:00,28.9,Gujrāt,PK,54,147.5,16.3,83.7,21.3,14,18.3
2024-04-09T20:00:00,27,Gujrāt,PK,61,177.4,21,67,26,17,21
2024-04-09T21:00:00,26.3,Gujrāt,PK,65,197.6,22.7,58,29,19,22.3
2024-04-09T22:00:00,24.4,Gujrāt,PK,69,217.9,24.3,49,32,21,23.7
2024-04-09T23:00:00,23.7,Gujrāt,PK,74,238.1,26,40,35,23,25
2024-04-10T00:00:00,23.3,Gujrāt,PK,74,242.8,27.3,32.3,35,23.33,23
2024-04-10T01:00:00,21.9,Gujrāt,PK,75,247.4,28.7,24.7,35,23.67,21
2024-04-10T02:00:00,21.5,Gujrāt,PK,76,252.1,30,17,35,24,19
2024-04-10T03:00:00,20.7,Gujrāt,PK,77,232.7,26,24,35.3,24.33,19
2024-04-10T04:00:00,20,Gujrāt,PK,77,213.2,22,31,35.7,24.67,19
2024-04-10T05:00:00,19.6,Gujrāt,PK,78,193.8,18,38,36,25,19
2024-04-10T06:00:00,19.3,Gujrāt,PK,80,191,16.3,47.3,37,25.67,19.7
2024-04-10T07:00:00,21.9,Gujrāt,PK,81,188.3,14.7,56.7,38,26.33,20.3
2024-04-10T08:00:00,23.3,Gujrāt,PK,82,185.6,13,66,39,27,21
2024-04-10T09:00:00,25.2,Gujrāt,PK,82,161.7,10,100,39,26.67,23
2024-04-10T10:00:00,30.4,Gujrāt,PK,81,137.7,7,134,39,26.33,25
2024-04-10T11:00:00,31.9,Gujrāt,PK,102,113.8,4,168,39,26,27
2024-04-10T12:00:00,33,Gujrāt,PK,103,105.4,3.3,169.3,36.7,23.67,28.3
2024-04-10T13:00:00,34.1,Gujrāt,PK,103,97.1,2.7,170.7,34.3,21.33,29.7
2024-04-10T14:00:00,34.1,Gujrāt,PK,104,88.7,2,172,32,19,31
2024-04-10T15:00:00,33,Gujrāt,PK,95,98,5,156,35.3,20.33,30.3
2024-04-10T16:00:00,31.5,Gujrāt,PK,75,107.4,8,140,38.7,21.67,29.7
2024-04-10T17:00:00,31.5,Gujrāt,PK,74,116.7,11,124,42,23,29
2024-04-10T18:00:00,31.1,Gujrāt,PK,78,133.4,12.7,110.7,43,25,28.7
2024-04-10T19:00:00,27.4,Gujrāt,PK,82,150.2,14.3,97.3,44,27,28.3
2024-04-10T20:00:00,26.7,Gujrāt,PK,87,166.9,16,84,45,29,28
2024-04-10T21:00:00,25.6,Gujrāt,PK,85,156.2,14.3,81,43,28,25
2024-04-10T22:00:00,24.1,Gujrāt,PK,82,145.5,12.7,78,41,27,22
2024-04-10T23:00:00,23.7,Gujrāt,PK,80,134.8,11,75,39,26,19
2024-04-11T00:00:00,23.7,Gujrāt,PK,77,132.7,11.7,65,37,24.67,17
2024-04-11T01:00:00,23,Gujrāt,PK,74,130.5,12.3,55,35,23.33,15
2024-04-11T02:00:00,23,Gujrāt,PK,72,128.4,13,45,33,22,13
2024-04-11T03:00:00,23,Gujrāt,PK,69,114.6,10.7,55.3,32.3,21,13
2024-04-11T04:00:00,22.6,Gujrāt,PK,67,100.8,8.3,65.7,31.7,20,13
2024-04-11T05:00:00,23.3,Gujrāt,PK,65,87,6,76,31,19,13
2024-04-11T06:00:00,23.3,Gujrāt,PK,69,94.5,6.7,76.3,36,21,13.7
2024-04-11T07:00:00,24.4,Gujrāt,PK,74,102.1,7.3,76.7,41,23,14.3
2024-04-11T08:00:00,24.8,Gujrāt,PK,78,109.7,8,77,46,25,15
2024-04-11T09:00:00,25.2,Gujrāt,PK,77,97.1,6,95.7,50,24.67,13
2024-04-11T10:00:00,30.4,Gujrāt,PK,77,84.4,4,114.3,54,24.33,11
2024-04-11T11:00:00,31.1,Gujrāt,PK,76,71.8,2,133,58,24,9
2024-04-11T12:00:00,31.9,Gujrāt,PK,76,71.8,1.7,136,58,24,10
2024-04-11T13:00:00,33.3,Gujrāt,PK,76,71.8,1.3,139,58,24,11
2024-04-11T14:00:00,33.7,Gujrāt,PK,78,71.8,1,142,58,24,12
2024-04-11T15:00:00,33.7,Gujrāt,PK,72,75.7,2.7,135,54.3,22.33,12.7
2024-04-11T16:00:00,34.1,Gujrāt,PK,69,79.6,4.3,128,50.7,20.67,13.3
2024-04-11T17:00:00,33.7,Gujrāt,PK,65,83.5,6,121,47,19,14
2024-04-11T18:00:00,32.2,Gujrāt,PK,70,91.8,7.7,109.7,47,21.33,14.7
2024-04-11T19:00:00,28.5,Gujrāt,PK,75,100.2,9.3,98.3,47,23.67,15.3
2024-04-11T20:00:00,27.4,Gujrāt,PK,80,108.5,11,87,47,26,16
2024-04-11T21:00:00,27,Gujrāt,PK,80,116.9,12.3,78,46.3,26,15.7
2024-04-11T22:00:00,24.8,Gujrāt,PK,80,125.3,13.7,69,45.7,26,15.3
2024-04-11T23:00:00,24.1,Gujrāt,PK,80,133.6,15,60,45,26,15
2024-04-12T00:00:00,24.1,Gujrāt,PK,77,129.4,14.7,53.7,42,24.67,13.7
2024-04-12T01:00:00,21.5,Gujrāt,PK,74,125.1,14.3,47.3,39,23.33,12.3
2024-04-12T02:00:00,20.7,Gujrāt,PK,72,120.8,14,41,36,22,11
2024-04-12T03:00:00,20,Gujrāt,PK,67,114,12.7,41.3,32.3,19.67,10.7
2024-04-12T04:00:00,19.6,Gujrāt,PK,62,107.2,11.3,41.7,28.7,17.33,10.3
2024-04-12T05:00:00,19.3,Gujrāt,PK,56,100.4,10,42,25,15,10
2024-04-12T06:00:00,19.6,Gujrāt,PK,60,113.8,10.3,46.3,27.3,16.67,11.3
2024-04-12T07:00:00,21.9,Gujrāt,PK,64,127.2,10.7,50.7,29.7,18.33,12.7
2024-04-12T08:00:00,23.7,Gujrāt,PK,67,140.6,11,55,32,20,14
2024-04-12T09:00:00,25.9,Gujrāt,PK,67,121,8.3,83,35,20,14.3
2024-04-12T10:00:00,31.1,Gujrāt,PK,67,101.4,5.7,111,38,20,14.7
2024-04-12T11:00:00,32.2,Gujrāt,PK,74,81.7,3,139,41,20,15
2024-04-12T12:00:00,32.6,Gujrāt,PK,77,78.4,2.7,141.7,50.3,20.33,14
2024-04-12T13:00:00,34.8,Gujrāt,PK,80,75.1,2.3,144.3,59.7,20.67,13
2024-04-12T14:00:00,35.2,Gujrāt,PK,84,71.8,2,147,69,21,12
2024-04-12T15:00:00,34.4,Gujrāt,PK,75,81.5,4.3,139.7,73,22.67,13
2024-04-12T16:00:00,34.8,Gujrāt,PK,77,91.2,6.7,132.3,77,24.33,14
2024-04-12T17:00:00,34.4,Gujrāt,PK,80,101,9,125,81,26,15
2024-04-12T18:00:00,33.7,Gujrāt,PK,90,127.8,13,108.3,80.3,30.33,17
2024-04-12T19:00:00,29.6,Gujrāt,PK,99,154.7,17,91.7,79.7,34.67,19
2024-04-12T20:00:00,28.9,Gujrāt,PK,110,181.5,21,75,79,39,21
2024-04-12T21:00:00,28.5,Gujrāt,PK,103,169.2,18.3,75.3,73.7,36.67,21
2024-04-12T22:00:00,25.9,Gujrāt,PK,98,157,15.7,75.7,68.3,34.33,21
2024-04-12T23:00:00,25.6,Gujrāt,PK,93,144.7,13,76,63,32,21
2024-04-13T00:00:00,25.2,Gujrāt,PK,88,135.8,12,73,58.7,29.67,19.7
2024-04-13T01:00:00,24.1,Gujrāt,PK,83,126.8,11,70,54.3,27.33,18.3
2024-04-13T02:00:00,23.7,Gujrāt,PK,78,117.9,10,67,50,25,17
2024-04-13T03:00:00,23.7,Gujrāt,PK,77,115,10.7,60.3,48,24.67,15.7
2024-04-13T04:00:00,23.3,Gujrāt,PK,77,112.1,11.3,53.7,46,24.33,14.3
2024-04-13T05:00:00,23.3,Gujrāt,PK,76,109.1,12,47,44,24,13
2024-04-13T06:00:00,22.6,Gujrāt,PK,80,117.5,12,48.7,46.7,25.67,15.3
2024-04-13T07:00:00,23.3,Gujrāt,PK,83,125.9,12,50.3,49.3,27.33,17.7
2024-04-13T08:00:00,23.7,Gujrāt,PK,87,134.2,12,52,52,29,20
2024-04-13T09:00:00,24.8,Gujrāt,PK,90,126.1,10,75,57,30.67,24
2024-04-13T10:00:00,27.4,Gujrāt,PK,94,117.9,8,98,62,32.33,28
2024-04-13T11:00:00,28.5,Gujrāt,PK,98,109.7,6,121,67,34,32
2024-04-13T12:00:00,28.5,Gujrāt,PK,103,108,5.3,123.7,81.3,36.33,31
2024-04-13T13:00:00,28.1,Gujrāt,PK,109,106.2,4.7,126.3,95.7,38.67,30
2024-04-13T14:00:00,28.5,Gujrāt,PK,115,104.5,4,129,110,41,29
2024-04-13T15:00:00,22.2,Gujrāt,PK,114,97.5,4.3,126,109,40.67,26.7
2024-04-13T16:00:00,21.5,Gujrāt,PK,113,90.5,4.7,123,108,40.33,24.3
2024-04-13T17:00:00,21.1,Gujrāt,PK,112,83.5,5,120,107,40,22
2024-04-13T18:00:00,20.7,Gujrāt,PK,110,85.8,5,117.7,96,39,21
2024-04-13T19:00:00,21.1,Gujrāt,PK,107,88.1,5,115.3,85,38,20
2024-04-13T20:00:00,21.1,Gujrāt,PK,104,90.5,5,113,74,37,19
2024-04-13T21:00:00,21.1,Gujrāt,PK,109,96.3,5.7,109,77.3,38.67,20.7
2024-04-13T22:00:00,20.7,Gujrāt,PK,113,102.1,6.3,105,80.7,40.33,22.3
2024-04-13T23:00:00,20.4,Gujrāt,PK,118,108,7,101,84,42,24
2024-04-14T00:00:00,20.4,Gujrāt,PK,123,106.2,6.3,101.7,87.3,44,23.7
2024-04-14T01:00:00,19.6,Gujrāt,PK,129,104.5,5.7,102.3,90.7,46,23.3
2024-04-14T02:00:00,20,Gujrāt,PK,134,102.7,5,103,94,48,23
2024-04-14T03:00:00,19.6,Gujrāt,PK,122,105.2,6,95.3,87,43.67,21.3
2024-04-14T04:00:00,20,Gujrāt,PK,111,107.8,7,87.7,80,39.33,19.7
2024-04-14T05:00:00,19.6,Gujrāt,PK,100,110.3,8,80,73,35,18
2024-04-14T06:00:00,19.6,Gujrāt,PK,105,120.2,8.7,78,78.7,37.33,18.3
2024-04-14T07:00:00,20,Gujrāt,PK,112,130.1,9.3,76,84.3,39.67,18.7
2024-04-14T08:00:00,20,Gujrāt,PK,118,140.1,10,74,90,42,19
2024-04-14T09:00:00,20.4,Gujrāt,PK,121,127.6,8,89.3,97,43.33,19
2024-04-14T10:00:00,20.7,Gujrāt,PK,125,115.2,6,104.7,104,44.67,19
2024-04-14T11:00:00,22.2,Gujrāt,PK,129,102.7,4,120,111,46,19
2024-04-14T12:00:00,23.3,Gujrāt,PK,134,99.4,3.7,122.3,118.7,48,17
2024-04-14T13:00:00,25.6,Gujrāt,PK,139,96.1,3.3,124.7,126.3,50,15
2024-04-14T14:00:00,25.2,Gujrāt,PK,145,92.8,3,127,134,52,13
2024-04-14T15:00:00,25.9,Gujrāt,PK,153,98.2,4.3,125.3,134.3,55,17.7
2024-04-14T16:00:00,25.2,Gujrāt,PK,153,103.7,5.7,123.7,134.7,58,22.3
2024-04-14T17:00:00,23.3,Gujrāt,PK,157,109.1,7,122,135,61,27
2024-04-14T18:00:00,22.6,Gujrāt,PK,151,122.6,9,110,118,56,24.7
2024-04-14T19:00:00,22.2,Gujrāt,PK,142,136,11,98,101,51,22.3
2024-04-14T20:00:00,21.5,Gujrāt,PK,129,149.4,13,86,84,46,20
2024-04-14T21:00:00,21.5,Gujrāt,PK,135,148.4,12.7,82.7,87.3,48.33,19.7
2024-04-14T22:00:00,20.7,Gujrāt,PK,141,147.5,12.3,79.3,90.7,50.67,19.3
2024-04-14T23:00:00,20.7,Gujrāt,PK,148,146.5,12,76,94,53,19
2024-04-15T00:00:00,20.7,Gujrāt,PK,135,133.8,10.7,75.3,84.7,48.33,17
2024-04-15T01:00:00,20.4,Gujrāt,PK,122,121.2,9.3,74.7,75.3,43.67,15
2024-04-15T02:00:00,20,Gujrāt,PK,110,108.5,8,74,66,39,13
2024-04-15T03:00:00,21.1,Gujrāt,PK,98,98.6,6.7,80.7,59,34,12
2024-04-15T04:00:00,21.5,Gujrāt,PK,87,88.7,5.3,87.3,52,29,11
2024-04-15T05:00:00,21.5,Gujrāt,PK,76,78.8,4,94,45,24,10
2024-04-15T06:00:00,20.4,Gujrāt,PK,82,91.8,6.3,84.3,52.3,26.67,10.7
2024-04-15T07:00:00,21.1,Gujrāt,PK,87,104.9,8.7,74.7,59.7,29.33,11.3
2024-04-15T08:00:00,21.5,Gujrāt,PK,93,117.9,11,65,67,32,12
2024-04-15T09:00:00,23.3,Gujrāt,PK,98,109.3,8.3,85.3,76.7,34,14.7
2024-04-15T10:00:00,26.3,Gujrāt,PK,102,100.8,5.7,105.7,86.3,36,17.3
2024-04-15T11:00:00,25.9,Gujrāt,PK,107,92.2,3,126,96,38,20
2024-04-15T12:00:00,27,Gujrāt,PK,117,93,3,128.3,107,41.67,21
2024-04-15T13:00:00,28.5,Gujrāt,PK,127,93.8,3,130.7,118,45.33,22
2024-04-15T14:00:00,28.9,Gujrāt,PK,137,94.5,3,133,129,49,23
2024-04-15T15:00:00,23.3,Gujrāt,PK,138,99.2,4,131.3,126,49.33,26.3
2024-04-15T16:00:00,23,Gujrāt,PK,139,103.9,5,129.7,123,49.67,29.7
2024-04-15T17:00:00,21.9,Gujrāt,PK,139,108.5,6,128,120,50,33
2024-04-15T18:00:00,21.9,Gujrāt,PK,136,119.1,8.3,112.3,109.3,48.67,28.7
2024-04-15T19:00:00,20.7,Gujrāt,PK,132,129.6,10.7,96.7,98.7,47.33,24.3
2024-04-15T20:00:00,20.4,Gujrāt,PK,129,140.1,13,81,88,46,20
2024-04-15T21:00:00,19.6,Gujrāt,PK,132,170.6,17.7,69,89.3,47.33,21.7
2024-04-15T22:00:00,18.5,Gujrāt,PK,136,201.1,22.3,57,90.7,48.67,23.3
2024-04-15T23:00:00,19.3,Gujrāt,PK,139,231.7,27,45,92,50,25
2024-04-16T00:00:00,19.3,Gujrāt,PK,136,231.9,27.7,41.7,89.3,48.67,25
2024-04-16T01:00:00,18.9,Gujrāt,PK,132,232.1,28.3,38.3,86.7,47.33,25
2024-04-16T02:00:00,18.9,Gujrāt,PK,129,232.3,29,35,84,46,25
2024-04-16T03:00:00,17,Gujrāt,PK,121,215.9,26.7,28.7,79.3,43.33,21.3
2024-04-16T04:00:00,17,Gujrāt,PK,114,199.6,24.3,22.3,74.7,40.67,17.7
2024-04-16T05:00:00,17,Gujrāt,PK,107,183.3,22,16,70,38,14
2024-04-16T06:00:00,17.4,Gujrāt,PK,103,178.4,18.7,27.7,68,36.33,15.7
2024-04-16T07:00:00,18.9,Gujrāt,PK,99,173.5,15.3,39.3,66,34.67,17.3
2024-04-16T08:00:00,20.4,Gujrāt,PK,95,168.7,12,51,64,33,19
2024-04-16T09:00:00,21.5,Gujrāt,PK,93,142.6,9,76.3,69.3,32,18.7
2024-04-16T10:00:00,25.6,Gujrāt,PK,91,116.5,6,101.7,74.7,31,18.3
2024-04-16T11:00:00,26.3,Gujrāt,PK,89,90.5,3,127,80,30,18
2024-04-16T12:00:00,26.7,Gujrāt,PK,92,86.6,2.7,128.3,87,31.33,17
2024-04-16T13:00:00,29.3,Gujrāt,PK,95,82.7,2.3,129.7,94,32.67,16
2024-04-16T14:00:00,30,Gujrāt,PK,98,78.8,2,131,101,34,15
2024-04-16T15:00:00,30.4,Gujrāt,PK,90,79.2,2.7,126.7,87.7,30.67,14
2024-04-16T16:00:00,30.4,Gujrāt,PK,83,79.6,3.3,122.3,74.3,27.33,13
2024-04-16T17:00:00,30,Gujrāt,PK,76,80,4,118,61,24,12
2024-04-16T18:00:00,29.6,Gujrāt,PK,82,97.9,7,103.3,60.3,26.67,13.7
2024-04-16T19:00:00,25.9,Gujrāt,PK,87,115.7,10,88.7,59.7,29.33,15.3
2024-04-16T20:00:00,25.2,Gujrāt,PK,93,133.6,13,74,59,32,17
2024-04-16T21:00:00,24.8,Gujrāt,PK,93,136.2,12.3,73.3,57,32,18.7
2024-04-16T22:00:00,23.3,Gujrāt,PK,93,138.7,11.7,72.7,55,32,20.3
2024-04-16T23:00:00,22.6,Gujrāt,PK,93,141.2,11,72,53,32,22
2024-04-17T00:00:00,22.2,Gujrāt,PK,86,138.9,10.7,69,46.7,28.67,21.7
2024-04-17T01:00:00,21.5,Gujrāt,PK,79,136.6,10.3,66,40.3,25.33,21.3
2024-04-17T02:00:00,21.1,Gujrāt,PK,72,134.2,10,63,34,22,21
2024-04-17T03:00:00,20,Gujrāt,PK,72,143.4,12.7,53.7,34.3,22.33,20
2024-04-17T04:00:00,19.6,Gujrāt,PK,73,152.5,15.3,44.3,34.7,22.67,19
2024-04-17T05:00:00,19.6,Gujrāt,PK,74,161.7,18,35,35,23,18
2024-04-17T06:00:00,19.6,Gujrāt,PK,79,173.5,16.7,45,38.3,25.33,20.3
2024-04-17T07:00:00,21.9,Gujrāt,PK,84,185.4,15.3,55,41.7,27.67,22.7
2024-04-17T08:00:00,23,Gujrāt,PK,89,197.3,14,65,45,30,25
2024-04-17T09:00:00,24.1,Gujrāt,PK,85,175.7,10.7,97.7,43.7,28,28
2024-04-17T10:00:00,28.1,Gujrāt,PK,80,154.1,7.3,130.3,42.3,26,31
2024-04-17T11:00:00,28.9,Gujrāt,PK,101,132.5,4,163,41,24,34
2024-04-17T12:00:00,29.6,Gujrāt,PK,100,116.7,3.3,161.3,36.7,21.33,29.7
2024-04-17T13:00:00,31.9,Gujrāt,PK,100,101,2.7,159.7,32.3,18.67,25.3
2024-04-17T14:00:00,32.6,Gujrāt,PK,98,85.2,2,158,28,16,21
2024-04-17T15:00:00,31.9,Gujrāt,PK,82,89.5,4.3,145.7,23.7,14,20.3
2024-04-17T16:00:00,31.9,Gujrāt,PK,67,93.8,6.7,133.3,19.3,12,19.7
2024-04-17T17:00:00,30.7,Gujrāt,PK,51,98,9,121,15,10,19
2024-04-17T18:00:00,30,Gujrāt,PK,60,151.9,18.3,98.7,24,16.67,22.7
2024-04-17T19:00:00,27,Gujrāt,PK,74,205.8,27.7,76.3,33,23.33,26.3
2024-04-17T20:00:00,26.7,Gujrāt,PK,89,259.7,37,54,42,30,30
2024-04-17T21:00:00,26.3,Gujrāt,PK,102,306.4,42.7,41.7,50.7,36,32.7
2024-04-17T22:00:00,25.2,Gujrāt,PK,118,353.1,48.3,29.3,59.3,42,35.3
2024-04-17T23:00:00,24.4,Gujrāt,PK,134,399.8,54,17,68,48,38
2024-04-18T00:00:00,24.4,Gujrāt,PK,133,372.1,49,17.7,68,47.67,33.3
2024-04-18T01:00:00,23.3,Gujrāt,PK,132,344.5,44,18.3,68,47.33,28.7
2024-04-18T02:00:00,23.3,Gujrāt,PK,131,316.9,39,19,68,47,24
2024-04-18T03:00:00,22.6,Gujrāt,PK,115,281.7,33.3,29,59.7,41,23
2024-04-18T04:00:00,22.6,Gujrāt,PK,100,246.5,27.7,39,51.3,35,22
2024-04-18T05:00:00,22.6,Gujrāt,PK,87,211.3,22,49,43,29,21
2024-04-18T06:00:00,22.2,Gujrāt,PK,91,220,21,55.7,47.3,31,23.7
2024-04-18T07:00:00,23.3,Gujrāt,PK,95,228.8,20,62.3,51.7,33,26.3
2024-04-18T08:00:00,23.7,Gujrāt,PK,100,237.5,19,69,56,35,29
2024-04-18T09:00:00,24.1,Gujrāt,PK,100,196.7,14,91,61.7,35,35.7
2024-04-18T10:00:00,25.9,Gujrāt,PK,100,155.8,9,113,67.3,35,42.3
2024-04-18T11:00:00,25.9,Gujrāt,PK,100,115,4,135,73,35,49
2024-04-18T12:00:00,26.3,Gujrāt,PK,96,101.9,3.3,134.3,77.7,33.33,39.3
2024-04-18T13:00:00,28.1,Gujrāt,PK,92,88.9,2.7,133.7,82.3,31.67,29.7
2024-04-18T14:00:00,28.5,Gujrāt,PK,89,75.9,2,133,87,30,20
2024-04-18T15:00:00,28.1,Gujrāt,PK,87,74.7,3,116.7,84.7,29,19
2024-04-18T16:00:00,28.1,Gujrāt,PK,85,73.5,4,100.3,82.3,28,18
2024-04-18T17:00:00,28.5,Gujrāt,PK,82,72.4,5,84,80,27,17
2024-04-18T18:00:00,27.8,Gujrāt,PK,79,102.1,11,71.3,67,25.33,17
2024-04-18T19:00:00,25.9,Gujrāt,PK,75,131.9,17,58.7,54,23.67,17
2024-04-18T20:00:00,25.2,Gujrāt,PK,72,161.7,23,46,41,22,17
2024-04-18T21:00:00,24.8,Gujrāt,PK,69,147.1,19.7,50.3,39.3,21,16.3
2024-04-18T22:00:00,23,Gujrāt,PK,67,132.5,16.3,54.7,37.7,20,15.7
2024-04-18T23:00:00,23,Gujrāt,PK,65,117.9,13,59,36,19,15
2024-04-19T00:00:00,22.2,Gujrāt,PK,62,109.1,11.3,62,35.3,17.33,13.7
2024-04-19T01:00:00,21.1,Gujrāt,PK,58,100.4,9.7,65,34.7,15.67,12.3
2024-04-19T02:00:00,21.1,Gujrāt,PK,54,91.6,8,68,34,14,11
2024-04-19T03:00:00,21.9,Gujrāt,PK,54,86.8,7.3,69,34.3,13.67,11
2024-04-19T04:00:00,21.9,Gujrāt,PK,53,81.9,6.7,70,34.7,13.33,11
2024-04-19T05:00:00,22.2,Gujrāt,PK,52,77,6,71,35,13,11
2024-04-19T06:00:00,21.9,Gujrāt,PK,60,83.5,6.7,69.7,48.7,16.67,11.7
2024-04-19T07:00:00,21.9,Gujrāt,PK,68,89.9,7.3,68.3,62.3,20.33,12.3
2024-04-19T08:00:00,22.2,Gujrāt,PK,76,96.3,8,67,76,24,13
2024-04-19T09:00:00,23,Gujrāt,PK,79,89.3,6.3,80.3,84.7,25.33,13.7
2024-04-19T10:00:00,25.6,Gujrāt,PK,82,82.3,4.7,93.7,93.3,26.67,14.3
2024-04-19T11:00:00,26.3,Gujrāt,PK,85,75.3,3,107,102,28,15
2024-04-19T12:00:00,27.4,Gujrāt,PK,85,71.8,3,109.3,95.7,28.33,16
2024-04-19T13:00:00,28.9,Gujrāt,PK,86,68.3,3,111.7,89.3,28.67,17
2024-04-19T14:00:00,25.2,Gujrāt,PK,87,64.8,3,114,83,29,18
2024-04-19T15:00:00,22.6,Gujrāt,PK,95,64.8,4,104.3,94.3,32.67,15
2024-04-19T16:00:00,21.5,Gujrāt,PK,103,64.8,5,94.7,105.7,36.33,12
2024-04-19T17:00:00,21.5,Gujrāt,PK,112,64.8,6,85,117,40,9
2024-04-19T18:00:00,21.5,Gujrāt,PK,121,69.3,6.7,84,117.7,43,10.3
2024-04-19T19:00:00,20.7,Gujrāt,PK,129,73.7,7.3,83,118.3,46,11.7
2024-04-19T20:00:00,20.7,Gujrāt,PK,137,78.2,8,82,119,49,13
2024-04-19T21:00:00,20.7,Gujrāt,PK,138,80.3,8,78,115.7,49.33,13
2024-04-19T22:00:00,20.4,Gujrāt,PK,139,82.5,8,74,112.3,49.67,13
2024-04-19T23:00:00,19.6,Gujrāt,PK,139,84.6,8,70,109,50,13
2024-04-20T00:00:00,19.3,Gujrāt,PK,121,84.4,8.3,66.3,91,43.33,11.7
2024-04-20T01:00:00,18.1,Gujrāt,PK,103,84.2,8.7,62.7,73,36.67,10.3
2024-04-20T02:00:00,17.8,Gujrāt,PK,89,84,9,59,55,30,9
2024-04-20T03:00:00,17.8,Gujrāt,PK,86,81.1,8.3,59.7,56,28.67,8.7
2024-04-20T04:00:00,17.8,Gujrāt,PK,83,78.2,7.7,60.3,57,27.33,8.3
2024-04-20T05:00:00,17.8,Gujrāt,PK,80,75.3,7,61,58,26,8
2024-04-20T06:00:00,18.1,Gujrāt,PK,83,90.3,8,59,64,27.33,9.7
2024-04-20T07:00:00,19.6,Gujrāt,PK,86,105.2,9,57,70,28.67,11.3
2024-04-20T08:00:00,20.7,Gujrāt,PK,89,120.2,10,55,76,30,13
2024-04-20T09:00:00,21.5,Gujrāt,PK,90,105.2,7.3,78.7,95.7,30.33,13
2024-04-20T10:00:00,25.9,Gujrāt,PK,90,90.3,4.7,102.3,115.3,30.67,13
2024-04-20T11:00:00,27,Gujrāt,PK,91,75.3,2,126,135,31,13
2024-04-20T12:00:00,27.8,Gujrāt,PK,90,71.8,2,128,133.3,30.67,13.3
2024-04-20T13:00:00,30,Gujrāt,PK,90,68.3,2,130,131.7,30.33,13.7
2024-04-20T14:00:00,30.7,Gujrāt,PK,89,64.8,2,132,130,30,14
2024-04-20T15:00:00,30.4,Gujrāt,PK,80,68.1,3.7,124.3,108.7,26,13
2024-04-20T16:00:00,30.4,Gujrāt,PK,72,71.4,5.3,116.7,87.3,22,12
2024-04-20T17:00:00,29.6,Gujrāt,PK,63,74.7,7,109,66,18,11
2024-04-20T18:00:00,28.9,Gujrāt,PK,67,94,10,94,61.3,20,12.7
2024-04-20T19:00:00,25.9,Gujrāt,PK,72,113.2,13,79,56.7,22,14.3
2024-04-20T20:00:00,25.2,Gujrāt,PK,76,132.5,16,64,52,24,16
2024-04-20T21:00:00,24.4,Gujrāt,PK,74,131.9,14.7,61,48,23.33,15.3
2024-04-20T22:00:00,23.3,Gujrāt,PK,73,131.3,13.3,58,44,22.67,14.7
2024-04-20T23:00:00,23,Gujrāt,PK,72,130.7,12,55,40,22,14
2024-04-21T00:00:00,23,Gujrāt,PK,73,127.2,11.7,53.3,42.7,22.67,13.7
2024-04-21T01:00:00,21.9,Gujrāt,PK,74,123.7,11.3,51.7,45.3,23.33,13.3
2024-04-21T02:00:00,21.5,Gujrāt,PK,76,120.2,11,50,48,24,13
2024-04-21T03:00:00,20.4,Gujrāt,PK,79,134.8,15.7,37.7,50.7,25.33,12.7
2024-04-21T04:00:00,20,Gujrāt,PK,82,149.4,20.3,25.3,53.3,26.67,12.3
2024-04-21T05:00:00,19.6,Gujrāt,PK,85,164,25,13,56,28,12
2024-04-21T06:00:00,19.6,Gujrāt,PK,85,164.8,21,31.3,56.3,28.33,14
2024-04-21T07:00:00,21.5,Gujrāt,PK,86,165.5,17,49.7,56.7,28.67,16
2024-04-21T08:00:00,21.9,Gujrāt,PK,87,166.3,13,68,57,29,18
2024-04-21T09:00:00,23,Gujrāt,PK,85,141.8,9.7,99.3,64.3,28.33,19.3
2024-04-21T10:00:00,27.8,Gujrāt,PK,84,117.3,6.3,130.7,71.7,27.67,20.7
2024-04-21T11:00:00,28.5,Gujrāt,PK,101,92.8,3,162,79,27,22
2024-04-21T12:00:00,29.3,Gujrāt,PK,96,84.2,2.7,157,71,24.33,20
2024-04-21T13:00:00,31.5,Gujrāt,PK,90,75.7,2.3,152,63,21.67,18
2024-04-21T14:00:00,32.2,Gujrāt,PK,84,67.1,2,147,55,19,16
2024-04-21T15:00:00,32.2,Gujrāt,PK,74,68.9,3.7,139.3,43.3,16.67,16
2024-04-21T16:00:00,32.6,Gujrāt,PK,65,70.6,5.3,131.7,31.7,14.33,16
2024-04-21T17:00:00,31.9,Gujrāt,PK,55,72.4,7,124,20,12,16
2024-04-21T18:00:00,31.9,Gujrāt,PK,57,88.7,9.3,111,24.3,15.33,19
2024-04-21T19:00:00,29.3,Gujrāt,PK,64,105,11.7,98,28.7,18.67,22
2024-04-21T20:00:00,27.8,Gujrāt,PK,72,121.4,14,85,33,22,25
2024-04-21T21:00:00,27.8,Gujrāt,PK,74,144.3,17,72,34.7,23.33,24
2024-04-21T22:00:00,25.9,Gujrāt,PK,77,167.3,20,59,36.3,24.67,23
2024-04-21T23:00:00,24.1,Gujrāt,PK,80,190.3,23,46,38,26,22
2024-04-22T00:00:00,23.3,Gujrāt,PK,77,173.9,21.3,45,36.3,24.33,18.7
2024-04-22T01:00:00,21.9,Gujrāt,PK,73,157.6,19.7,44,34.7,22.67,15.3
2024-04-22T02:00:00,21.5,Gujrāt,PK,69,141.2,18,43,33,21,12
2024-04-22T03:00:00,20.7,Gujrāt,PK,72,149,20.3,34.3,34.3,22,12.3
2024-04-22T04:00:00,20.4,Gujrāt,PK,74,156.8,22.7,25.7,35.7,23,12.7
2024-04-22T05:00:00,20.4,Gujrāt,PK,76,164.6,25,17,37,24,13
2024-04-22T06:00:00,20.4,Gujrāt,PK,72,156.6,20.3,33.7,35.3,22.33,14
2024-04-22T07:00:00,23,Gujrāt,PK,69,148.6,15.7,50.3,33.7,20.67,15
2024-04-22T08:00:00,24.4,Gujrāt,PK,65,140.6,11,67,32,19,16
2024-04-22T09:00:00,25.6,Gujrāt,PK,67,119.4,8,97,36.7,19.67,16
2024-04-22T10:00:00,30,Gujrāt,PK,68,98.2,5,127,41.3,20.33,16
2024-04-22T11:00:00,30.7,Gujrāt,PK,96,77,2,157,46,21,16
2024-04-22T12:00:00,31.5,Gujrāt,PK,97,73.1,2,157.7,40.7,19.33,16.3
2024-04-22T13:00:00,33,Gujrāt,PK,98,69.3,2,158.3,35.3,17.67,16.7
2024-04-22T14:00:00,33.7,Gujrāt,PK,99,65.4,2,159,30,16,17
2024-04-22T15:00:00,31.9,Gujrāt,PK,93,74.3,3.7,154.7,33,17.67,20
2024-04-22T16:00:00,30.7,Gujrāt,PK,88,83.3,5.3,150.3,36,19.33,23
2024-04-22T17:00:00,30.7,Gujrāt,PK,82,92.2,7,146,39,21,26
2024-04-22T18:00:00,29.6,Gujrāt,PK,74,129.9,13.3,122.7,40.3,23.33,27.3
2024-04-22T19:00:00,25.9,Gujrāt,PK,80,167.7,19.7,99.3,41.7,25.67,28.7
2024-04-22T20:00:00,25.9,Gujrāt,PK,85,205.4,26,76,43,28,30
2024-04-22T21:00:00,25.2,Gujrāt,PK,86,232.1,29.3,62.7,44,28.67,30.7
2024-04-22T22:00:00,23.7,Gujrāt,PK,87,258.7,32.7,49.3,45,29.33,31.3
2024-04-22T23:00:00,23.3,Gujrāt,PK,89,285.4,36,36,46,30,32
2024-04-23T00:00:00,23.3,Gujrāt,PK,87,261.8,31.7,35.7,44.7,29.33,27.7
2024-04-23T01:00:00,21.5,Gujrāt,PK,86,238.3,27.3,35.3,43.3,28.67,23.3
2024-04-23T02:00:00,21.5,Gujrāt,PK,85,214.8,23,35,42,28,19
2024-04-23T03:00:00,19.6,Gujrāt,PK,77,172.9,18.3,47.3,38,24.67,16
2024-04-23T04:00:00,19.6,Gujrāt,PK,70,131.1,13.7,59.7,34,21.33,13
2024-04-23T05:00:00,19.3,Gujrāt,PK,63,89.3,9,72,30,18,10
2024-04-23T06:00:00,20,Gujrāt,PK,64,96.3,9,76,31,18.67,11.3
2024-04-23T07:00:00,21.9,Gujrāt,PK,66,103.3,9,80,32,19.33,12.7
2024-04-23T08:00:00,22.2,Gujrāt,PK,67,110.3,9,84,33,20,14
2024-04-23T09:00:00,23.3,Gujrāt,PK,67,97.1,6.7,105.3,34.3,19.67,13.3
2024-04-23T10:00:00,27.4,Gujrāt,PK,66,83.8,4.3,126.7,35.7,19.33,12.7
2024-04-23T11:00:00,28.5,Gujrāt,PK,85,70.6,2,148,37,19,12
2024-04-23T12:00:00,29.6,Gujrāt,PK,86,68.7,1.7,148.7,38.7,19.67,13.3
2024-04-23T13:00:00,31.5,Gujrāt,PK,87,66.7,1.3,149.3,40.3,20.33,14.7
2024-04-23T14:00:00,31.9,Gujrāt,PK,88,64.8,1,150,42,21,16
2024-04-23T15:00:00,31.1,Gujrāt,PK,77,68.9,2.7,141.3,43,21.67,15.7
2024-04-23T16:00:00,31.5,Gujrāt,PK,72,72.9,4.3,132.7,44,22.33,15.3
2024-04-23T17:00:00,28.9,Gujrāt,PK,74,77,6,124,45,23,15
2024-04-23T18:00:00,28.9,Gujrāt,PK,91,108.7,12,106.3,56.3,31,18
2024-04-23T19:00:00,26.7,Gujrāt,PK,110,140.5,18,88.7,67.7,39,21
2024-04-23T20:00:00,26.3,Gujrāt,PK,131,172.2,24,71,79,47,24
2024-04-23T21:00:00,24.8,Gujrāt,PK,134,166.7,22,67,79,48,22.7
2024-04-23T22:00:00,23,Gujrāt,PK,137,161.3,20,63,79,49,21.3
2024-04-23T23:00:00,23.3,Gujrāt,PK,139,155.8,18,59,79,50,20
2024-04-24T00:00:00,23.3,Gujrāt,PK,126,146.5,17.3,54.7,71,45,17.7
2024-04-24T01:00:00,21.9,Gujrāt,PK,112,137.1,16.7,50.3,63,40,15.3
2024-04-24T02:00:00,22.2,Gujrāt,PK,100,127.8,16,46,55,35,13
2024-04-24T03:00:00,20.4,Gujrāt,PK,90,119.2,15,44.7,48,30.67,12.3
2024-04-24T04:00:00,20,Gujrāt,PK,81,110.7,14,43.3,41,26.33,11.7
2024-04-24T05:00:00,20,Gujrāt,PK,72,102.1,13,42,34,22,11
2024-04-24T06:00:00,19.6,Gujrāt,PK,75,117.1,13,47.3,37,23.67,12.3
2024-04-24T07:00:00,22.6,Gujrāt,PK,79,132.1,13,52.7,40,25.33,13.7
2024-04-24T08:00:00,23.7,Gujrāt,PK,82,147.1,13,58,43,27,15
2024-04-24T09:00:00,25.2,Gujrāt,PK,80,122.6,9.3,89,44,26,14.7
2024-04-24T10:00:00,30,Gujrāt,PK,78,98,5.7,120,45,25,14.3
2024-04-24T11:00:00,31.1,Gujrāt,PK,89,73.5,2,151,46,24,14
2024-04-24T12:00:00,31.9,Gujrāt,PK,89,70.8,1.7,151.3,44.3,22.67,13
2024-04-24T13:00:00,33.7,Gujrāt,PK,90,68.1,1.3,151.7,42.7,21.33,12
2024-04-24T14:00:00,34.1,Gujrāt,PK,90,65.4,1,152,41,20,11
2024-04-24T15:00:00,32.2,Gujrāt,PK,83,70,2.3,146.3,37,19,12.3
2024-04-24T16:00:00,33,Gujrāt,PK,76,74.7,3.7,140.7,33,18,13.7
2024-04-24T17:00:00,32.6,Gujrāt,PK,69,79.4,5,135,29,17,15
2024-04-24T18:00:00,31.5,Gujrāt,PK,69,113.6,11.3,113,34,21,17.3
2024-04-24T19:00:00,28.1,Gujrāt,PK,78,147.8,17.7,91,39,25,19.7
2024-04-24T20:00:00,27.8,Gujrāt,PK,87,182.1,24,69,44,29,22
2024-04-24T21:00:00,27,Gujrāt,PK,94,192.6,25,59.3,48.3,32.33,21
2024-04-24T22:00:00,24.1,Gujrāt,PK,101,203.1,26,49.7,52.7,35.67,20
2024-04-24T23:00:00,24.1,Gujrāt,PK,110,213.6,27,40,57,39,19
2024-04-25T00:00:00,24.1,Gujrāt,PK,99,195.5,25,39.3,50.7,34.67,16.7
2024-04-25T01:00:00,23.3,Gujrāt,PK,90,177.4,23,38.7,44.3,30.33,14.3
2024-04-25T02:00:00,23.3,Gujrāt,PK,80,159.3,21,38,38,26,12
2024-04-25T03:00:00,21.1,Gujrāt,PK,77,151.5,21.3,31.7,36,24.33,11.7
2024-04-25T04:00:00,20.4,Gujrāt,PK,73,143.8,21.7,25.3,34,22.67,11.3
2024-04-25T05:00:00,20.4,Gujrāt,PK,69,136,22,19,32,21,11
2024-04-25T06:00:00,20,Gujrāt,PK,73,149.4,19.7,34.3,34.7,22.67,13
2024-04-25T07:00:00,21.9,Gujrāt,PK,77,162.8,17.3,49.7,37.3,24.33,15
2024-04-25T08:00:00,24.8,Gujrāt,PK,80,176.2,15,65,40,26,17
2024-04-25T09:00:00,27.4,Gujrāt,PK,76,144.7,11,97,37.7,24,17.7
2024-04-25T10:00:00,30,Gujrāt,PK,72,113.2,7,129,35.3,22,18.3
2024-04-25T11:00:00,31.5,Gujrāt,PK,100,81.7,3,161,33,20,19
2024-04-25T12:00:00,33,Gujrāt,PK,99,77.8,2.7,159.3,30.7,18.67,16.7
2024-04-25T13:00:00,33.7,Gujrāt,PK,97,73.9,2.3,157.7,28.3,17.33,14.3
2024-04-25T14:00:00,34.1,Gujrāt,PK,95,70,2,156,26,16,12
2024-04-25T15:00:00,34.1,Gujrāt,PK,80,75.7,4,144,24,14.67,12
2024-04-25T16:00:00,33.7,Gujrāt,PK,65,81.3,6,132,22,13.33,12
2024-04-25T17:00:00,33.3,Gujrāt,PK,50,87,8,120,20,12,12
2024-04-25T18:00:00,31.9,Gujrāt,PK,53,92,8,114.3,21.7,13.33,14.7
2024-04-25T19:00:00,29.6,Gujrāt,PK,56,97.1,8,108.7,23.3,14.67,17.3
2024-04-25T20:00:00,28.1,Gujrāt,PK,59,102.1,8,103,25,16,20
2024-04-25T21:00:00,26.7,Gujrāt,PK,59,108.9,9,95.3,25.3,16.33,20.3
2024-04-25T22:00:00,25.6,Gujrāt,PK,60,115.7,10,87.7,25.7,16.67,20.7
2024-04-25T23:00:00,25.6,Gujrāt,PK,61,122.6,11,80,26,17,21
2024-04-26T00:00:00,24.8,Gujrāt,PK,64,128.4,13,68.7,27.7,18.33,19.7
2024-04-26T01:00:00,24.4,Gujrāt,PK,67,134.2,15,57.3,29.3,19.67,18.3
2024-04-26T02:00:00,23.7,Gujrāt,PK,69,140.1,17,46,31,21,17
2024-04-26T03:00:00,23,Gujrāt,PK,68,144.7,18.7,41,30.3,20.33,15.7
2024-04-26T04:00:00,22.6,Gujrāt,PK,67,149.4,20.3,36,29.7,19.67,14.3
2024-04-26T05:00:00,21.5,Gujrāt,PK,65,154.1,22,31,29,19,13
2024-04-26T06:00:00,21.5,Gujrāt,PK,69,164.8,20,45.3,32,20.67,15
2024-04-26T07:00:00,23,Gujrāt,PK,72,175.5,18,59.7,35,22.33,17
2024-04-26T08:00:00,25.9,Gujrāt,PK,76,186.2,16,74,38,24,19
2024-04-26T09:00:00,28.5,Gujrāt,PK,73,155.6,11.7,109.3,36.3,22.67,20.3
2024-04-26T10:00:00,30.4,Gujrāt,PK,81,125.1,7.3,144.7,34.7,21.33,21.7
2024-04-26T11:00:00,32.6,Gujrāt,PK,106,94.5,3,180,33,20,23
2024-04-26T12:00:00,33.7,Gujrāt,PK,104,87.9,2.7,174,34.3,20.33,21.7
2024-04-26T13:00:00,34.8,Gujrāt,PK,102,81.3,2.3,168,35.7,20.67,20.3
2024-04-26T14:00:00,30.7,Gujrāt,PK,101,74.7,2,162,37,21,19
2024-04-26T15:00:00,30.4,Gujrāt,PK,90,83.3,4.3,152,44,25.33,21.7
2024-04-26T16:00:00,30.4,Gujrāt,PK,88,91.8,6.7,142,51,29.67,24.3
2024-04-26T17:00:00,29.6,Gujrāt,PK,98,100.4,9,132,58,34,27
2024-04-26T18:00:00,28.1,Gujrāt,PK,98,107.2,9.3,125.7,56.3,34.33,26
2024-04-26T19:00:00,26.7,Gujrāt,PK,99,114,9.7,119.3,54.7,34.67,25
2024-04-26T20:00:00,25.2,Gujrāt,PK,100,120.8,10,113,53,35,24
2024-04-26T21:00:00,24.1,Gujrāt,PK,106,139.9,14,93.7,58,37.67,23.3
2024-04-26T22:00:00,23.3,Gujrāt,PK,113,158.9,18,74.3,63,40.33,22.7
2024-04-26T23:00:00,22.6,Gujrāt,PK,121,178,22,55,68,43,22
2024-04-27T00:00:00,21.5,Gujrāt,PK,104,149.4,18,59.3,59,37,18.3
2024-04-27T01:00:00,21.1,Gujrāt,PK,91,120.8,14,63.7,50,31,14.7
2024-04-27T02:00:00,21.1,Gujrāt,PK,78,92.2,10,68,41,25,11
2024-04-27T03:00:00,20.4,Gujrāt,PK,76,89.7,10.3,66.7,40.7,24,11
2024-04-27T04:00:00,20.4,Gujrāt,PK,74,87.2,10.7,65.3,40.3,23,11
2024-04-27T05:00:00,20.4,Gujrāt,PK,72,84.6,11,64,40,22,11
2024-04-27T06:00:00,20,Gujrāt,PK,70,83.3,9.7,73,40.3,21.33,10.7
2024-04-27T07:00:00,20.7,Gujrāt,PK,69,81.9,8.3,82,40.7,20.67,10.3
2024-04-27T08:00:00,21.9,Gujrāt,PK,67,80.5,7,91,41,20,10
2024-04-27T09:00:00,23.3,Gujrāt,PK,63,75.3,5.7,100.3,41.3,18,10
2024-04-27T10:00:00,25.6,Gujrāt,PK,59,70,4.3,109.7,41.7,16,10
2024-04-27T11:00:00,26.3,Gujrāt,PK,55,64.8,3,119,42,14,10
2024-04-27T12:00:00,26.3,Gujrāt,PK,58,64.4,3,121,44,15.67,11
2024-04-27T13:00:00,27.4,Gujrāt,PK,62,64,3,123,46,17.33,12
2024-04-27T14:00:00,27.8,Gujrāt,PK,65,63.6,3,125,48,19,13
2024-04-27T15:00:00,24.1,Gujrāt,PK,67,66.5,3.7,123.7,47.7,20,13.3
2024-04-27T16:00:00,24.8,Gujrāt,PK,69,69.4,4.3,122.3,47.3,21,13.7
2024-04-27T17:00:00,21.9,Gujrāt,PK,72,72.4,5,121,47,22,14
2024-04-27T18:00:00,21.5,Gujrāt,PK,73,77.6,5.7,115.7,47.7,22.67,14
2024-04-27T19:00:00,20.7,Gujrāt,PK,74,82.9,6.3,110.3,48.3,23.33,14
2024-04-27T20:00:00,20.4,Gujrāt,PK,76,88.1,7,105,49,24,14
2024-04-27T21:00:00,20,Gujrāt,PK,74,87.9,7.3,101.3,47.7,23.33,13.7
2024-04-27T22:00:00,20,Gujrāt,PK,73,87.7,7.7,97.7,46.3,22.67,13.3
2024-04-27T23:00:00,20.4,Gujrāt,PK,72,87.5,8,94,45,22,13
2024-04-28T00:00:00,20,Gujrāt,PK,69,82.3,7.3,93,44.3,21,12
2024-04-28T01:00:00,20,Gujrāt,PK,67,77,6.7,92,43.7,20,11
2024-04-28T02:00:00,19.6,Gujrāt,PK,65,71.8,6,91,43,19,10
2024-04-28T03:00:00,19.3,Gujrāt,PK,66,68.3,5.3,94.3,43.7,19.33,9.7
2024-04-28T04:00:00,18.9,Gujrāt,PK,67,64.8,4.7,97.7,44.3,19.67,9.3
2024-04-28T05:00:00,18.9,Gujrāt,PK,67,61.3,4,101,45,20,9
2024-04-28T06:00:00,19.3,Gujrāt,PK,71,68.9,4.7,98,50,21.67,10
2024-04-28T07:00:00,20.4,Gujrāt,PK,74,76.5,5.3,95,55,23.33,11
2024-04-28T08:00:00,22.2,Gujrāt,PK,78,84,6,92,60,25,12
2024-04-28T09:00:00,24.4,Gujrāt,PK,79,79.6,4.7,105.7,64.3,25.33,13
2024-04-28T10:00:00,25.6,Gujrāt,PK,80,75.1,3.3,119.3,68.7,25.67,14
2024-04-28T11:00:00,25.2,Gujrāt,PK,80,70.6,2,133,73,26,15
2024-04-28T12:00:00,25.2,Gujrāt,PK,80,69.1,2,134.3,72.7,26,14.7
2024-04-28T13:00:00,27.4,Gujrāt,PK,80,67.5,2,135.7,72.3,26,14.3
2024-04-28T14:00:00,28.5,Gujrāt,PK,80,65.9,2,137,72,26,14
2024-04-28T15:00:00,28.5,Gujrāt,PK,80,74.5,4.7,125.7,66,26,14.3
2024-04-28T16:00:00,28.9,Gujrāt,PK,80,83.1,7.3,114.3,60,26,14.7
2024-04-28T17:00:00,24.4,Gujrāt,PK,80,91.6,10,103,54,26,15
2024-04-28T18:00:00,24.1,Gujrāt,PK,80,90.3,9.3,102.3,50.7,25.67,14.7
2024-04-28T19:00:00,23.3,Gujrāt,PK,79,88.9,8.7,101.7,47.3,25.33,14.3
2024-04-28T20:00:00,22.6,Gujrāt,PK,78,87.5,8,101,44,25,14
2024-04-28T21:00:00,22.2,Gujrāt,PK,77,86.8,8,98.3,43.7,24.67,13.3
2024-04-28T22:00:00,21.9,Gujrāt,PK,77,86,8,95.7,43.3,24.33,12.7
2024-04-28T23:00:00,20.7,Gujrāt,PK,76,85.2,8,93,43,24,12
2024-04-29T00:00:00,20.7,Gujrāt,PK,74,81.7,8,88.3,41.3,23,11
2024-04-29T01:00:00,21.1,Gujrāt,PK,72,78.2,8,83.7,39.7,22,10
2024-04-29T02:00:00,21.5,Gujrāt,PK,69,74.7,8,79,38,21,9
2024-04-29T03:00:00,21.5,Gujrāt,PK,67,71,7,84,36.7,20,9.3
2024-04-29T04:00:00,19.6,Gujrāt,PK,65,67.3,6,89,35.3,19,9.7
2024-04-29T05:00:00,18.9,Gujrāt,PK,63,63.6,5,94,34,18,10
2024-04-29T06:00:00,18.9,Gujrāt,PK,71,68.3,5,97,44.3,21.67,11.3
2024-04-29T07:00:00,20,Gujrāt,PK,79,72.9,5,100,54.7,25.33,12.7
2024-04-29T08:00:00,21.9,Gujrāt,PK,87,77.6,5,103,65,29,14
2024-04-29T09:00:00,24.1,Gujrāt,PK,85,75.7,4,113,65,28.33,14.3
2024-04-29T10:00:00,25.2,Gujrāt,PK,84,73.7,3,123,65,27.67,14.7
2024-04-29T11:00:00,27,Gujrāt,PK,82,71.8,2,133,65,27,15
2024-04-29T12:00:00,27.4,Gujrāt,PK,85,71.8,2,136.3,70.3,28,15
2024-04-29T13:00:00,28.5,Gujrāt,PK,87,71.8,2,139.7,75.7,29,15
2024-04-29T14:00:00,28.1,Gujrāt,PK,89,71.8,2,143,81,30,15
2024-04-29T15:00:00,22.2,Gujrāt,PK,92,74.7,3.7,134.7,78.7,31.33,16
2024-04-29T16:00:00,21.5,Gujrāt,PK,95,77.6,5.3,126.3,76.3,32.67,17
2024-04-29T17:00:00,20.4,Gujrāt,PK,98,80.5,7,118,74,34,18
2024-04-29T18:00:00,20.4,Gujrāt,PK,100,86,8.3,109,72.3,35.33,17.3
2024-04-29T19:00:00,19.6,Gujrāt,PK,103,91.4,9.7,100,70.7,36.67,16.7
2024-04-29T20:00:00,18.9,Gujrāt,PK,107,96.9,11,91,69,38,16
2024-04-29T21:00:00,18.9,Gujrāt,PK,103,97.7,11,85.3,65.3,36.33,15
2024-04-29T22:00:00,18.5,Gujrāt,PK,99,98.4,11,79.7,61.7,34.67,14
2024-04-29T23:00:00,18.5,Gujrāt,PK,95,99.2,11,74,58,33,13
2024-04-30T00:00:00,18.5,Gujrāt,PK,96,103.7,13.3,67.7,60.7,33.33,13.7
2024-04-30T01:00:00,18.1,Gujrāt,PK,97,108.2,15.7,61.3,63.3,33.67,14.3
2024-04-30T02:00:00,17.8,Gujrāt,PK,98,112.6,18,55,66,34,15
2024-04-30T03:00:00,17.8,Gujrāt,PK,89,106.8,16.3,50.3,56,30,13.3
2024-04-30T04:00:00,17.4,Gujrāt,PK,80,101,14.7,45.7,46,26,11.7
2024-04-30T05:00:00,16.3,Gujrāt,PK,72,95.1,13,41,36,22,10
2024-04-30T06:00:00,16.3,Gujrāt,PK,72,103.3,12,47.7,39,22.33,10.7
2024-04-30T07:00:00,17.4,Gujrāt,PK,73,111.5,11,54.3,42,22.67,11.3
2024-04-30T08:00:00,20,Gujrāt,PK,74,119.6,10,61,45,23,12
2024-04-30T09:00:00,22.2,Gujrāt,PK,70,101.7,7.3,87.3,49.3,21.33,11
2024-04-30T10:00:00,24.1,Gujrāt,PK,67,83.8,4.7,113.7,53.7,19.67,10
2024-04-30T11:00:00,25.6,Gujrāt,PK,75,65.9,2,140,58,18,9
2024-04-30T12:00:00,27,Gujrāt,PK,72,63.6,1.7,137.7,54.3,17.67,8
2024-04-30T13:00:00,27.8,Gujrāt,PK,69,61.3,1.3,135.3,50.7,17.33,7
2024-04-30T14:00:00,27.4,Gujrāt,PK,66,58.9,1,133,47,17,6
2024-04-30T15:00:00,25.9,Gujrāt,PK,67,63.8,2,133.7,44.7,18.33,10.7
2024-04-30T16:00:00,24.8,Gujrāt,PK,68,68.7,3,134.3,42.3,19.67,15.3
2024-04-30T17:00:00,23.7,Gujrāt,PK,69,73.5,4,135,40,21,20
2024-04-30T18:00:00,21.1,Gujrāt,PK,69,78,5,128.3,38,20.67,19.3
2024-04-30T19:00:00,19.6,Gujrāt,PK,68,82.5,6,121.7,36,20.33,18.7
2024-04-30T20:00:00,18.9,Gujrāt,PK,67,87,7,115,34,20,18
2024-04-30T21:00:00,18.5,Gujrāt,PK,73,93.2,8.7,106.3,38.3,22.67,17.7
2024-04-30T22:00:00,17.8,Gujrāt,PK,79,99.4,10.3,97.7,42.7,25.33,17.3
2024-04-30T23:00:00,17.8,Gujrāt,PK,85,105.6,12,89,47,28,17
